{
    "1": {
        "proline": 1065.0,
        "phenols": 2.8,
        "flavanoids": 3.06,
        "alcohol": 14.23,
        "magnesium": 127.0,
        "dilution": 3.92,
        "ash": 2.43,
        "alcalinity_of_ash": 15.6,
        "color_intensity": 5.64,
        "proanthocyanins": 2.29,
        "malic_acid": 1.71,
        "type_of_wine": 1,
        "hue": 1.04,
        "nonflavanoid_phenols": 0.28
    },
    "2": {
        "proline": 1050.0,
        "phenols": 2.65,
        "flavanoids": 2.76,
        "alcohol": 13.2,
        "magnesium": 100.0,
        "dilution": 3.4,
        "ash": 2.14,
        "alcalinity_of_ash": 11.2,
        "color_intensity": 4.38,
        "proanthocyanins": 1.28,
        "malic_acid": 1.78,
        "type_of_wine": 1,
        "hue": 1.05,
        "nonflavanoid_phenols": 0.26
    },
    "3": {
        "proline": 1185.0,
        "phenols": 2.8,
        "flavanoids": 3.24,
        "alcohol": 13.16,
        "magnesium": 101.0,
        "dilution": 3.17,
        "ash": 2.67,
        "alcalinity_of_ash": 18.6,
        "color_intensity": 5.68,
        "proanthocyanins": 2.81,
        "malic_acid": 2.36,
        "type_of_wine": 1,
        "hue": 1.03,
        "nonflavanoid_phenols": 0.3
    },
    "4": {
        "proline": 1480.0,
        "phenols": 3.85,
        "flavanoids": 3.49,
        "alcohol": 14.37,
        "magnesium": 113.0,
        "dilution": 3.45,
        "ash": 2.5,
        "alcalinity_of_ash": 16.8,
        "color_intensity": 7.8,
        "proanthocyanins": 2.18,
        "malic_acid": 1.95,
        "type_of_wine": 1,
        "hue": 0.86,
        "nonflavanoid_phenols": 0.24
    },
    "5": {
        "proline": 735.0,
        "phenols": 2.8,
        "flavanoids": 2.69,
        "alcohol": 13.24,
        "magnesium": 118.0,
        "dilution": 2.93,
        "ash": 2.87,
        "alcalinity_of_ash": 21.0,
        "color_intensity": 4.32,
        "proanthocyanins": 1.82,
        "malic_acid": 2.59,
        "type_of_wine": 1,
        "hue": 1.04,
        "nonflavanoid_phenols": 0.39
    },
    "6": {
        "proline": 1450.0,
        "phenols": 3.27,
        "flavanoids": 3.39,
        "alcohol": 14.2,
        "magnesium": 112.0,
        "dilution": 2.85,
        "ash": 2.45,
        "alcalinity_of_ash": 15.2,
        "color_intensity": 6.75,
        "proanthocyanins": 1.97,
        "malic_acid": 1.76,
        "type_of_wine": 1,
        "hue": 1.05,
        "nonflavanoid_phenols": 0.34
    },
    "7": {
        "proline": 1290.0,
        "phenols": 2.5,
        "flavanoids": 2.52,
        "alcohol": 14.39,
        "magnesium": 96.0,
        "dilution": 3.58,
        "ash": 2.45,
        "alcalinity_of_ash": 14.6,
        "color_intensity": 5.25,
        "proanthocyanins": 1.98,
        "malic_acid": 1.87,
        "type_of_wine": 1,
        "hue": 1.02,
        "nonflavanoid_phenols": 0.3
    },
    "8": {
        "proline": 1295.0,
        "phenols": 2.6,
        "flavanoids": 2.51,
        "alcohol": 14.06,
        "magnesium": 121.0,
        "dilution": 3.58,
        "ash": 2.61,
        "alcalinity_of_ash": 17.6,
        "color_intensity": 5.05,
        "proanthocyanins": 1.25,
        "malic_acid": 2.15,
        "type_of_wine": 1,
        "hue": 1.06,
        "nonflavanoid_phenols": 0.31
    },
    "9": {
        "proline": 1045.0,
        "phenols": 2.8,
        "flavanoids": 2.98,
        "alcohol": 14.83,
        "magnesium": 97.0,
        "dilution": 2.85,
        "ash": 2.17,
        "alcalinity_of_ash": 14.0,
        "color_intensity": 5.2,
        "proanthocyanins": 1.98,
        "malic_acid": 1.64,
        "type_of_wine": 1,
        "hue": 1.08,
        "nonflavanoid_phenols": 0.29
    },
    "10": {
        "proline": 1045.0,
        "phenols": 2.98,
        "flavanoids": 3.15,
        "alcohol": 13.86,
        "magnesium": 98.0,
        "dilution": 3.55,
        "ash": 2.27,
        "alcalinity_of_ash": 16.0,
        "color_intensity": 7.22,
        "proanthocyanins": 1.85,
        "malic_acid": 1.35,
        "type_of_wine": 1,
        "hue": 1.01,
        "nonflavanoid_phenols": 0.22
    },
    "11": {
        "proline": 1510.0,
        "phenols": 2.95,
        "flavanoids": 3.32,
        "alcohol": 14.1,
        "magnesium": 105.0,
        "dilution": 3.17,
        "ash": 2.3,
        "alcalinity_of_ash": 18.0,
        "color_intensity": 5.75,
        "proanthocyanins": 2.38,
        "malic_acid": 2.16,
        "type_of_wine": 1,
        "hue": 1.25,
        "nonflavanoid_phenols": 0.22
    },
    "12": {
        "proline": 1280.0,
        "phenols": 2.2,
        "flavanoids": 2.43,
        "alcohol": 14.12,
        "magnesium": 95.0,
        "dilution": 2.82,
        "ash": 2.32,
        "alcalinity_of_ash": 16.8,
        "color_intensity": 5.0,
        "proanthocyanins": 1.57,
        "malic_acid": 1.48,
        "type_of_wine": 1,
        "hue": 1.17,
        "nonflavanoid_phenols": 0.26
    },
    "13": {
        "proline": 1320.0,
        "phenols": 2.6,
        "flavanoids": 2.76,
        "alcohol": 13.75,
        "magnesium": 89.0,
        "dilution": 2.9,
        "ash": 2.41,
        "alcalinity_of_ash": 16.0,
        "color_intensity": 5.6,
        "proanthocyanins": 1.81,
        "malic_acid": 1.73,
        "type_of_wine": 1,
        "hue": 1.15,
        "nonflavanoid_phenols": 0.29
    },
    "14": {
        "proline": 1150.0,
        "phenols": 3.1,
        "flavanoids": 3.69,
        "alcohol": 14.75,
        "magnesium": 91.0,
        "dilution": 2.73,
        "ash": 2.39,
        "alcalinity_of_ash": 11.4,
        "color_intensity": 5.4,
        "proanthocyanins": 2.81,
        "malic_acid": 1.73,
        "type_of_wine": 1,
        "hue": 1.25,
        "nonflavanoid_phenols": 0.43
    },
    "15": {
        "proline": 1547.0,
        "phenols": 3.3,
        "flavanoids": 3.64,
        "alcohol": 14.38,
        "magnesium": 102.0,
        "dilution": 3.0,
        "ash": 2.38,
        "alcalinity_of_ash": 12.0,
        "color_intensity": 7.5,
        "proanthocyanins": 2.96,
        "malic_acid": 1.87,
        "type_of_wine": 1,
        "hue": 1.2,
        "nonflavanoid_phenols": 0.29
    },
    "16": {
        "proline": 1310.0,
        "phenols": 2.85,
        "flavanoids": 2.91,
        "alcohol": 13.63,
        "magnesium": 112.0,
        "dilution": 2.88,
        "ash": 2.7,
        "alcalinity_of_ash": 17.2,
        "color_intensity": 7.3,
        "proanthocyanins": 1.46,
        "malic_acid": 1.81,
        "type_of_wine": 1,
        "hue": 1.28,
        "nonflavanoid_phenols": 0.3
    },
    "17": {
        "proline": 1280.0,
        "phenols": 2.8,
        "flavanoids": 3.14,
        "alcohol": 14.3,
        "magnesium": 120.0,
        "dilution": 2.65,
        "ash": 2.72,
        "alcalinity_of_ash": 20.0,
        "color_intensity": 6.2,
        "proanthocyanins": 1.97,
        "malic_acid": 1.92,
        "type_of_wine": 1,
        "hue": 1.07,
        "nonflavanoid_phenols": 0.33
    },
    "18": {
        "proline": 1130.0,
        "phenols": 2.95,
        "flavanoids": 3.4,
        "alcohol": 13.83,
        "magnesium": 115.0,
        "dilution": 2.57,
        "ash": 2.62,
        "alcalinity_of_ash": 20.0,
        "color_intensity": 6.6,
        "proanthocyanins": 1.72,
        "malic_acid": 1.57,
        "type_of_wine": 1,
        "hue": 1.13,
        "nonflavanoid_phenols": 0.4
    },
    "19": {
        "proline": 1680.0,
        "phenols": 3.3,
        "flavanoids": 3.93,
        "alcohol": 14.19,
        "magnesium": 108.0,
        "dilution": 2.82,
        "ash": 2.48,
        "alcalinity_of_ash": 16.5,
        "color_intensity": 8.7,
        "proanthocyanins": 1.86,
        "malic_acid": 1.59,
        "type_of_wine": 1,
        "hue": 1.23,
        "nonflavanoid_phenols": 0.32
    },
    "20": {
        "proline": 845.0,
        "phenols": 2.7,
        "flavanoids": 3.03,
        "alcohol": 13.64,
        "magnesium": 116.0,
        "dilution": 3.36,
        "ash": 2.56,
        "alcalinity_of_ash": 15.2,
        "color_intensity": 5.1,
        "proanthocyanins": 1.66,
        "malic_acid": 3.1,
        "type_of_wine": 1,
        "hue": 0.96,
        "nonflavanoid_phenols": 0.17
    },
    "21": {
        "proline": 780.0,
        "phenols": 3.0,
        "flavanoids": 3.17,
        "alcohol": 14.06,
        "magnesium": 126.0,
        "dilution": 3.71,
        "ash": 2.28,
        "alcalinity_of_ash": 16.0,
        "color_intensity": 5.65,
        "proanthocyanins": 2.1,
        "malic_acid": 1.63,
        "type_of_wine": 1,
        "hue": 1.09,
        "nonflavanoid_phenols": 0.24
    },
    "22": {
        "proline": 770.0,
        "phenols": 2.41,
        "flavanoids": 2.41,
        "alcohol": 12.93,
        "magnesium": 102.0,
        "dilution": 3.52,
        "ash": 2.65,
        "alcalinity_of_ash": 18.6,
        "color_intensity": 4.5,
        "proanthocyanins": 1.98,
        "malic_acid": 3.8,
        "type_of_wine": 1,
        "hue": 1.03,
        "nonflavanoid_phenols": 0.25
    },
    "23": {
        "proline": 1035.0,
        "phenols": 2.61,
        "flavanoids": 2.88,
        "alcohol": 13.71,
        "magnesium": 101.0,
        "dilution": 4.0,
        "ash": 2.36,
        "alcalinity_of_ash": 16.6,
        "color_intensity": 3.8,
        "proanthocyanins": 1.69,
        "malic_acid": 1.86,
        "type_of_wine": 1,
        "hue": 1.11,
        "nonflavanoid_phenols": 0.27
    },
    "24": {
        "proline": 1015.0,
        "phenols": 2.48,
        "flavanoids": 2.37,
        "alcohol": 12.85,
        "magnesium": 95.0,
        "dilution": 3.63,
        "ash": 2.52,
        "alcalinity_of_ash": 17.8,
        "color_intensity": 3.93,
        "proanthocyanins": 1.46,
        "malic_acid": 1.6,
        "type_of_wine": 1,
        "hue": 1.09,
        "nonflavanoid_phenols": 0.26
    },
    "25": {
        "proline": 845.0,
        "phenols": 2.53,
        "flavanoids": 2.61,
        "alcohol": 13.5,
        "magnesium": 96.0,
        "dilution": 3.82,
        "ash": 2.61,
        "alcalinity_of_ash": 20.0,
        "color_intensity": 3.52,
        "proanthocyanins": 1.66,
        "malic_acid": 1.81,
        "type_of_wine": 1,
        "hue": 1.12,
        "nonflavanoid_phenols": 0.28
    },
    "26": {
        "proline": 830.0,
        "phenols": 2.63,
        "flavanoids": 2.68,
        "alcohol": 13.05,
        "magnesium": 124.0,
        "dilution": 3.2,
        "ash": 3.22,
        "alcalinity_of_ash": 25.0,
        "color_intensity": 3.58,
        "proanthocyanins": 1.92,
        "malic_acid": 2.05,
        "type_of_wine": 1,
        "hue": 1.13,
        "nonflavanoid_phenols": 0.47
    },
    "27": {
        "proline": 1195.0,
        "phenols": 2.85,
        "flavanoids": 2.94,
        "alcohol": 13.39,
        "magnesium": 93.0,
        "dilution": 3.22,
        "ash": 2.62,
        "alcalinity_of_ash": 16.1,
        "color_intensity": 4.8,
        "proanthocyanins": 1.45,
        "malic_acid": 1.77,
        "type_of_wine": 1,
        "hue": 0.92,
        "nonflavanoid_phenols": 0.34
    },
    "28": {
        "proline": 1285.0,
        "phenols": 2.4,
        "flavanoids": 2.19,
        "alcohol": 13.3,
        "magnesium": 94.0,
        "dilution": 2.77,
        "ash": 2.14,
        "alcalinity_of_ash": 17.0,
        "color_intensity": 3.95,
        "proanthocyanins": 1.35,
        "malic_acid": 1.72,
        "type_of_wine": 1,
        "hue": 1.02,
        "nonflavanoid_phenols": 0.27
    },
    "29": {
        "proline": 915.0,
        "phenols": 2.95,
        "flavanoids": 2.97,
        "alcohol": 13.87,
        "magnesium": 107.0,
        "dilution": 3.4,
        "ash": 2.8,
        "alcalinity_of_ash": 19.4,
        "color_intensity": 4.5,
        "proanthocyanins": 1.76,
        "malic_acid": 1.9,
        "type_of_wine": 1,
        "hue": 1.25,
        "nonflavanoid_phenols": 0.37
    },
    "30": {
        "proline": 1035.0,
        "phenols": 2.65,
        "flavanoids": 2.33,
        "alcohol": 14.02,
        "magnesium": 96.0,
        "dilution": 3.59,
        "ash": 2.21,
        "alcalinity_of_ash": 16.0,
        "color_intensity": 4.7,
        "proanthocyanins": 1.98,
        "malic_acid": 1.68,
        "type_of_wine": 1,
        "hue": 1.04,
        "nonflavanoid_phenols": 0.26
    },
    "31": {
        "proline": 1285.0,
        "phenols": 3.0,
        "flavanoids": 3.25,
        "alcohol": 13.73,
        "magnesium": 101.0,
        "dilution": 2.71,
        "ash": 2.7,
        "alcalinity_of_ash": 22.5,
        "color_intensity": 5.7,
        "proanthocyanins": 2.38,
        "malic_acid": 1.5,
        "type_of_wine": 1,
        "hue": 1.19,
        "nonflavanoid_phenols": 0.29
    },
    "32": {
        "proline": 1515.0,
        "phenols": 2.86,
        "flavanoids": 3.19,
        "alcohol": 13.58,
        "magnesium": 106.0,
        "dilution": 2.88,
        "ash": 2.36,
        "alcalinity_of_ash": 19.1,
        "color_intensity": 6.9,
        "proanthocyanins": 1.95,
        "malic_acid": 1.66,
        "type_of_wine": 1,
        "hue": 1.09,
        "nonflavanoid_phenols": 0.22
    },
    "33": {
        "proline": 990.0,
        "phenols": 2.42,
        "flavanoids": 2.69,
        "alcohol": 13.68,
        "magnesium": 104.0,
        "dilution": 2.87,
        "ash": 2.36,
        "alcalinity_of_ash": 17.2,
        "color_intensity": 3.84,
        "proanthocyanins": 1.97,
        "malic_acid": 1.83,
        "type_of_wine": 1,
        "hue": 1.23,
        "nonflavanoid_phenols": 0.42
    },
    "34": {
        "proline": 1235.0,
        "phenols": 2.95,
        "flavanoids": 2.74,
        "alcohol": 13.76,
        "magnesium": 132.0,
        "dilution": 3.0,
        "ash": 2.7,
        "alcalinity_of_ash": 19.5,
        "color_intensity": 5.4,
        "proanthocyanins": 1.35,
        "malic_acid": 1.53,
        "type_of_wine": 1,
        "hue": 1.25,
        "nonflavanoid_phenols": 0.5
    },
    "35": {
        "proline": 1095.0,
        "phenols": 2.35,
        "flavanoids": 2.53,
        "alcohol": 13.51,
        "magnesium": 110.0,
        "dilution": 2.87,
        "ash": 2.65,
        "alcalinity_of_ash": 19.0,
        "color_intensity": 4.2,
        "proanthocyanins": 1.54,
        "malic_acid": 1.8,
        "type_of_wine": 1,
        "hue": 1.1,
        "nonflavanoid_phenols": 0.29
    },
    "36": {
        "proline": 920.0,
        "phenols": 2.7,
        "flavanoids": 2.98,
        "alcohol": 13.48,
        "magnesium": 100.0,
        "dilution": 3.47,
        "ash": 2.41,
        "alcalinity_of_ash": 20.5,
        "color_intensity": 5.1,
        "proanthocyanins": 1.86,
        "malic_acid": 1.81,
        "type_of_wine": 1,
        "hue": 1.04,
        "nonflavanoid_phenols": 0.26
    },
    "37": {
        "proline": 880.0,
        "phenols": 2.6,
        "flavanoids": 2.68,
        "alcohol": 13.28,
        "magnesium": 110.0,
        "dilution": 2.78,
        "ash": 2.84,
        "alcalinity_of_ash": 15.5,
        "color_intensity": 4.6,
        "proanthocyanins": 1.36,
        "malic_acid": 1.64,
        "type_of_wine": 1,
        "hue": 1.09,
        "nonflavanoid_phenols": 0.34
    },
    "38": {
        "proline": 1105.0,
        "phenols": 2.45,
        "flavanoids": 2.43,
        "alcohol": 13.05,
        "magnesium": 98.0,
        "dilution": 2.51,
        "ash": 2.55,
        "alcalinity_of_ash": 18.0,
        "color_intensity": 4.25,
        "proanthocyanins": 1.44,
        "malic_acid": 1.65,
        "type_of_wine": 1,
        "hue": 1.12,
        "nonflavanoid_phenols": 0.29
    },
    "39": {
        "proline": 1020.0,
        "phenols": 2.4,
        "flavanoids": 2.64,
        "alcohol": 13.07,
        "magnesium": 98.0,
        "dilution": 2.69,
        "ash": 2.1,
        "alcalinity_of_ash": 15.5,
        "color_intensity": 3.7,
        "proanthocyanins": 1.37,
        "malic_acid": 1.5,
        "type_of_wine": 1,
        "hue": 1.18,
        "nonflavanoid_phenols": 0.28
    },
    "40": {
        "proline": 760.0,
        "phenols": 3.0,
        "flavanoids": 3.04,
        "alcohol": 14.22,
        "magnesium": 128.0,
        "dilution": 3.53,
        "ash": 2.51,
        "alcalinity_of_ash": 13.2,
        "color_intensity": 5.1,
        "proanthocyanins": 2.08,
        "malic_acid": 3.99,
        "type_of_wine": 1,
        "hue": 0.89,
        "nonflavanoid_phenols": 0.2
    },
    "41": {
        "proline": 795.0,
        "phenols": 3.15,
        "flavanoids": 3.29,
        "alcohol": 13.56,
        "magnesium": 117.0,
        "dilution": 3.38,
        "ash": 2.31,
        "alcalinity_of_ash": 16.2,
        "color_intensity": 6.13,
        "proanthocyanins": 2.34,
        "malic_acid": 1.71,
        "type_of_wine": 1,
        "hue": 0.95,
        "nonflavanoid_phenols": 0.34
    },
    "42": {
        "proline": 1035.0,
        "phenols": 2.45,
        "flavanoids": 2.68,
        "alcohol": 13.41,
        "magnesium": 90.0,
        "dilution": 3.0,
        "ash": 2.12,
        "alcalinity_of_ash": 18.8,
        "color_intensity": 4.28,
        "proanthocyanins": 1.48,
        "malic_acid": 3.84,
        "type_of_wine": 1,
        "hue": 0.91,
        "nonflavanoid_phenols": 0.27
    },
    "43": {
        "proline": 1095.0,
        "phenols": 3.25,
        "flavanoids": 3.56,
        "alcohol": 13.88,
        "magnesium": 101.0,
        "dilution": 3.56,
        "ash": 2.59,
        "alcalinity_of_ash": 15.0,
        "color_intensity": 5.43,
        "proanthocyanins": 1.7,
        "malic_acid": 1.89,
        "type_of_wine": 1,
        "hue": 0.88,
        "nonflavanoid_phenols": 0.17
    },
    "44": {
        "proline": 680.0,
        "phenols": 2.64,
        "flavanoids": 2.63,
        "alcohol": 13.24,
        "magnesium": 103.0,
        "dilution": 3.0,
        "ash": 2.29,
        "alcalinity_of_ash": 17.5,
        "color_intensity": 4.36,
        "proanthocyanins": 1.66,
        "malic_acid": 3.98,
        "type_of_wine": 1,
        "hue": 0.82,
        "nonflavanoid_phenols": 0.32
    },
    "45": {
        "proline": 885.0,
        "phenols": 3.0,
        "flavanoids": 3.0,
        "alcohol": 13.05,
        "magnesium": 107.0,
        "dilution": 3.35,
        "ash": 2.1,
        "alcalinity_of_ash": 17.0,
        "color_intensity": 5.04,
        "proanthocyanins": 2.03,
        "malic_acid": 1.77,
        "type_of_wine": 1,
        "hue": 0.88,
        "nonflavanoid_phenols": 0.28
    },
    "46": {
        "proline": 1080.0,
        "phenols": 2.85,
        "flavanoids": 2.65,
        "alcohol": 14.21,
        "magnesium": 111.0,
        "dilution": 3.33,
        "ash": 2.44,
        "alcalinity_of_ash": 18.9,
        "color_intensity": 5.24,
        "proanthocyanins": 1.25,
        "malic_acid": 4.04,
        "type_of_wine": 1,
        "hue": 0.87,
        "nonflavanoid_phenols": 0.3
    },
    "47": {
        "proline": 1065.0,
        "phenols": 3.25,
        "flavanoids": 3.17,
        "alcohol": 14.38,
        "magnesium": 102.0,
        "dilution": 3.44,
        "ash": 2.28,
        "alcalinity_of_ash": 16.0,
        "color_intensity": 4.9,
        "proanthocyanins": 2.19,
        "malic_acid": 3.59,
        "type_of_wine": 1,
        "hue": 1.04,
        "nonflavanoid_phenols": 0.27
    },
    "48": {
        "proline": 985.0,
        "phenols": 3.1,
        "flavanoids": 3.39,
        "alcohol": 13.9,
        "magnesium": 101.0,
        "dilution": 3.33,
        "ash": 2.12,
        "alcalinity_of_ash": 16.0,
        "color_intensity": 6.1,
        "proanthocyanins": 2.14,
        "malic_acid": 1.68,
        "type_of_wine": 1,
        "hue": 0.91,
        "nonflavanoid_phenols": 0.21
    },
    "49": {
        "proline": 1060.0,
        "phenols": 2.75,
        "flavanoids": 2.92,
        "alcohol": 14.1,
        "magnesium": 103.0,
        "dilution": 2.75,
        "ash": 2.4,
        "alcalinity_of_ash": 18.8,
        "color_intensity": 6.2,
        "proanthocyanins": 2.38,
        "malic_acid": 2.02,
        "type_of_wine": 1,
        "hue": 1.07,
        "nonflavanoid_phenols": 0.32
    },
    "50": {
        "proline": 1260.0,
        "phenols": 2.88,
        "flavanoids": 3.54,
        "alcohol": 13.94,
        "magnesium": 108.0,
        "dilution": 3.1,
        "ash": 2.27,
        "alcalinity_of_ash": 17.4,
        "color_intensity": 8.9,
        "proanthocyanins": 2.08,
        "malic_acid": 1.73,
        "type_of_wine": 1,
        "hue": 1.12,
        "nonflavanoid_phenols": 0.32
    },
    "51": {
        "proline": 1150.0,
        "phenols": 2.72,
        "flavanoids": 3.27,
        "alcohol": 13.05,
        "magnesium": 92.0,
        "dilution": 2.91,
        "ash": 2.04,
        "alcalinity_of_ash": 12.4,
        "color_intensity": 7.2,
        "proanthocyanins": 2.91,
        "malic_acid": 1.73,
        "type_of_wine": 1,
        "hue": 1.12,
        "nonflavanoid_phenols": 0.17
    },
    "52": {
        "proline": 1265.0,
        "phenols": 2.45,
        "flavanoids": 2.99,
        "alcohol": 13.83,
        "magnesium": 94.0,
        "dilution": 3.37,
        "ash": 2.6,
        "alcalinity_of_ash": 17.2,
        "color_intensity": 5.6,
        "proanthocyanins": 2.29,
        "malic_acid": 1.65,
        "type_of_wine": 1,
        "hue": 1.24,
        "nonflavanoid_phenols": 0.22
    },
    "53": {
        "proline": 1190.0,
        "phenols": 3.88,
        "flavanoids": 3.74,
        "alcohol": 13.82,
        "magnesium": 111.0,
        "dilution": 3.26,
        "ash": 2.42,
        "alcalinity_of_ash": 14.0,
        "color_intensity": 7.05,
        "proanthocyanins": 1.87,
        "malic_acid": 1.75,
        "type_of_wine": 1,
        "hue": 1.01,
        "nonflavanoid_phenols": 0.32
    },
    "54": {
        "proline": 1375.0,
        "phenols": 3.0,
        "flavanoids": 2.79,
        "alcohol": 13.77,
        "magnesium": 115.0,
        "dilution": 2.93,
        "ash": 2.68,
        "alcalinity_of_ash": 17.1,
        "color_intensity": 6.3,
        "proanthocyanins": 1.68,
        "malic_acid": 1.9,
        "type_of_wine": 1,
        "hue": 1.13,
        "nonflavanoid_phenols": 0.39
    },
    "55": {
        "proline": 1060.0,
        "phenols": 2.6,
        "flavanoids": 2.9,
        "alcohol": 13.74,
        "magnesium": 118.0,
        "dilution": 3.2,
        "ash": 2.25,
        "alcalinity_of_ash": 16.4,
        "color_intensity": 5.85,
        "proanthocyanins": 1.62,
        "malic_acid": 1.67,
        "type_of_wine": 1,
        "hue": 0.92,
        "nonflavanoid_phenols": 0.21
    },
    "56": {
        "proline": 1120.0,
        "phenols": 2.96,
        "flavanoids": 2.78,
        "alcohol": 13.56,
        "magnesium": 116.0,
        "dilution": 3.03,
        "ash": 2.46,
        "alcalinity_of_ash": 20.5,
        "color_intensity": 6.25,
        "proanthocyanins": 2.45,
        "malic_acid": 1.73,
        "type_of_wine": 1,
        "hue": 0.98,
        "nonflavanoid_phenols": 0.2
    },
    "57": {
        "proline": 970.0,
        "phenols": 3.2,
        "flavanoids": 3.0,
        "alcohol": 14.22,
        "magnesium": 118.0,
        "dilution": 3.31,
        "ash": 2.3,
        "alcalinity_of_ash": 16.3,
        "color_intensity": 6.38,
        "proanthocyanins": 2.03,
        "malic_acid": 1.7,
        "type_of_wine": 1,
        "hue": 0.94,
        "nonflavanoid_phenols": 0.26
    },
    "58": {
        "proline": 1270.0,
        "phenols": 3.0,
        "flavanoids": 3.23,
        "alcohol": 13.29,
        "magnesium": 102.0,
        "dilution": 2.84,
        "ash": 2.68,
        "alcalinity_of_ash": 16.8,
        "color_intensity": 6.0,
        "proanthocyanins": 1.66,
        "malic_acid": 1.97,
        "type_of_wine": 1,
        "hue": 1.07,
        "nonflavanoid_phenols": 0.31
    },
    "59": {
        "proline": 1285.0,
        "phenols": 3.4,
        "flavanoids": 3.67,
        "alcohol": 13.72,
        "magnesium": 108.0,
        "dilution": 2.87,
        "ash": 2.5,
        "alcalinity_of_ash": 16.7,
        "color_intensity": 6.8,
        "proanthocyanins": 2.04,
        "malic_acid": 1.43,
        "type_of_wine": 1,
        "hue": 0.89,
        "nonflavanoid_phenols": 0.19
    },
    "60": {
        "proline": 520.0,
        "phenols": 1.98,
        "flavanoids": 0.57,
        "alcohol": 12.37,
        "magnesium": 88.0,
        "dilution": 1.82,
        "ash": 1.36,
        "alcalinity_of_ash": 10.6,
        "color_intensity": 1.95,
        "proanthocyanins": 0.42,
        "malic_acid": 0.94,
        "type_of_wine": 2,
        "hue": 1.05,
        "nonflavanoid_phenols": 0.28
    },
    "61": {
        "proline": 680.0,
        "phenols": 2.05,
        "flavanoids": 1.09,
        "alcohol": 12.33,
        "magnesium": 101.0,
        "dilution": 1.67,
        "ash": 2.28,
        "alcalinity_of_ash": 16.0,
        "color_intensity": 3.27,
        "proanthocyanins": 0.41,
        "malic_acid": 1.1,
        "type_of_wine": 2,
        "hue": 1.25,
        "nonflavanoid_phenols": 0.63
    },
    "62": {
        "proline": 450.0,
        "phenols": 2.02,
        "flavanoids": 1.41,
        "alcohol": 12.64,
        "magnesium": 100.0,
        "dilution": 1.59,
        "ash": 2.02,
        "alcalinity_of_ash": 16.8,
        "color_intensity": 5.75,
        "proanthocyanins": 0.62,
        "malic_acid": 1.36,
        "type_of_wine": 2,
        "hue": 0.98,
        "nonflavanoid_phenols": 0.53
    },
    "63": {
        "proline": 630.0,
        "phenols": 2.1,
        "flavanoids": 1.79,
        "alcohol": 13.67,
        "magnesium": 94.0,
        "dilution": 2.46,
        "ash": 1.92,
        "alcalinity_of_ash": 18.0,
        "color_intensity": 3.8,
        "proanthocyanins": 0.73,
        "malic_acid": 1.25,
        "type_of_wine": 2,
        "hue": 1.23,
        "nonflavanoid_phenols": 0.32
    },
    "64": {
        "proline": 420.0,
        "phenols": 3.5,
        "flavanoids": 3.1,
        "alcohol": 12.37,
        "magnesium": 87.0,
        "dilution": 2.87,
        "ash": 2.16,
        "alcalinity_of_ash": 19.0,
        "color_intensity": 4.45,
        "proanthocyanins": 1.87,
        "malic_acid": 1.13,
        "type_of_wine": 2,
        "hue": 1.22,
        "nonflavanoid_phenols": 0.19
    },
    "65": {
        "proline": 355.0,
        "phenols": 1.89,
        "flavanoids": 1.75,
        "alcohol": 12.17,
        "magnesium": 104.0,
        "dilution": 2.23,
        "ash": 2.53,
        "alcalinity_of_ash": 19.0,
        "color_intensity": 2.95,
        "proanthocyanins": 1.03,
        "malic_acid": 1.45,
        "type_of_wine": 2,
        "hue": 1.45,
        "nonflavanoid_phenols": 0.45
    },
    "66": {
        "proline": 678.0,
        "phenols": 2.42,
        "flavanoids": 2.65,
        "alcohol": 12.37,
        "magnesium": 98.0,
        "dilution": 2.3,
        "ash": 2.56,
        "alcalinity_of_ash": 18.1,
        "color_intensity": 4.6,
        "proanthocyanins": 2.08,
        "malic_acid": 1.21,
        "type_of_wine": 2,
        "hue": 1.19,
        "nonflavanoid_phenols": 0.37
    },
    "67": {
        "proline": 502.0,
        "phenols": 2.98,
        "flavanoids": 3.18,
        "alcohol": 13.11,
        "magnesium": 78.0,
        "dilution": 3.18,
        "ash": 1.7,
        "alcalinity_of_ash": 15.0,
        "color_intensity": 5.3,
        "proanthocyanins": 2.28,
        "malic_acid": 1.01,
        "type_of_wine": 2,
        "hue": 1.12,
        "nonflavanoid_phenols": 0.26
    },
    "68": {
        "proline": 510.0,
        "phenols": 2.11,
        "flavanoids": 2.0,
        "alcohol": 12.37,
        "magnesium": 78.0,
        "dilution": 3.48,
        "ash": 1.92,
        "alcalinity_of_ash": 19.6,
        "color_intensity": 4.68,
        "proanthocyanins": 1.04,
        "malic_acid": 1.17,
        "type_of_wine": 2,
        "hue": 1.12,
        "nonflavanoid_phenols": 0.27
    },
    "69": {
        "proline": 750.0,
        "phenols": 2.53,
        "flavanoids": 1.3,
        "alcohol": 13.34,
        "magnesium": 110.0,
        "dilution": 1.93,
        "ash": 2.36,
        "alcalinity_of_ash": 17.0,
        "color_intensity": 3.17,
        "proanthocyanins": 0.42,
        "malic_acid": 0.94,
        "type_of_wine": 2,
        "hue": 1.02,
        "nonflavanoid_phenols": 0.55
    },
    "70": {
        "proline": 718.0,
        "phenols": 1.85,
        "flavanoids": 1.28,
        "alcohol": 12.21,
        "magnesium": 151.0,
        "dilution": 3.07,
        "ash": 1.75,
        "alcalinity_of_ash": 16.8,
        "color_intensity": 2.85,
        "proanthocyanins": 2.5,
        "malic_acid": 1.19,
        "type_of_wine": 2,
        "hue": 1.28,
        "nonflavanoid_phenols": 0.14
    },
    "71": {
        "proline": 870.0,
        "phenols": 1.1,
        "flavanoids": 1.02,
        "alcohol": 12.29,
        "magnesium": 103.0,
        "dilution": 1.82,
        "ash": 2.21,
        "alcalinity_of_ash": 20.4,
        "color_intensity": 3.05,
        "proanthocyanins": 1.46,
        "malic_acid": 1.61,
        "type_of_wine": 2,
        "hue": 0.906,
        "nonflavanoid_phenols": 0.37
    },
    "72": {
        "proline": 410.0,
        "phenols": 2.95,
        "flavanoids": 2.86,
        "alcohol": 13.86,
        "magnesium": 86.0,
        "dilution": 3.16,
        "ash": 2.67,
        "alcalinity_of_ash": 25.0,
        "color_intensity": 3.38,
        "proanthocyanins": 1.87,
        "malic_acid": 1.51,
        "type_of_wine": 2,
        "hue": 1.36,
        "nonflavanoid_phenols": 0.21
    },
    "73": {
        "proline": 472.0,
        "phenols": 1.88,
        "flavanoids": 1.84,
        "alcohol": 13.49,
        "magnesium": 87.0,
        "dilution": 2.78,
        "ash": 2.24,
        "alcalinity_of_ash": 24.0,
        "color_intensity": 3.74,
        "proanthocyanins": 1.03,
        "malic_acid": 1.66,
        "type_of_wine": 2,
        "hue": 0.98,
        "nonflavanoid_phenols": 0.27
    },
    "74": {
        "proline": 985.0,
        "phenols": 3.3,
        "flavanoids": 2.89,
        "alcohol": 12.99,
        "magnesium": 139.0,
        "dilution": 3.5,
        "ash": 2.6,
        "alcalinity_of_ash": 30.0,
        "color_intensity": 3.35,
        "proanthocyanins": 1.96,
        "malic_acid": 1.67,
        "type_of_wine": 2,
        "hue": 1.31,
        "nonflavanoid_phenols": 0.21
    },
    "75": {
        "proline": 886.0,
        "phenols": 3.38,
        "flavanoids": 2.14,
        "alcohol": 11.96,
        "magnesium": 101.0,
        "dilution": 3.13,
        "ash": 2.3,
        "alcalinity_of_ash": 21.0,
        "color_intensity": 3.21,
        "proanthocyanins": 1.65,
        "malic_acid": 1.09,
        "type_of_wine": 2,
        "hue": 0.99,
        "nonflavanoid_phenols": 0.13
    },
    "76": {
        "proline": 428.0,
        "phenols": 1.61,
        "flavanoids": 1.57,
        "alcohol": 11.66,
        "magnesium": 97.0,
        "dilution": 2.14,
        "ash": 1.92,
        "alcalinity_of_ash": 16.0,
        "color_intensity": 3.8,
        "proanthocyanins": 1.15,
        "malic_acid": 1.88,
        "type_of_wine": 2,
        "hue": 1.23,
        "nonflavanoid_phenols": 0.34
    },
    "77": {
        "proline": 392.0,
        "phenols": 1.95,
        "flavanoids": 2.03,
        "alcohol": 13.03,
        "magnesium": 86.0,
        "dilution": 2.48,
        "ash": 1.71,
        "alcalinity_of_ash": 16.0,
        "color_intensity": 4.6,
        "proanthocyanins": 1.46,
        "malic_acid": 0.9,
        "type_of_wine": 2,
        "hue": 1.19,
        "nonflavanoid_phenols": 0.24
    },
    "78": {
        "proline": 500.0,
        "phenols": 1.72,
        "flavanoids": 1.32,
        "alcohol": 11.84,
        "magnesium": 112.0,
        "dilution": 2.52,
        "ash": 2.23,
        "alcalinity_of_ash": 18.0,
        "color_intensity": 2.65,
        "proanthocyanins": 0.95,
        "malic_acid": 2.89,
        "type_of_wine": 2,
        "hue": 0.96,
        "nonflavanoid_phenols": 0.43
    },
    "79": {
        "proline": 750.0,
        "phenols": 1.9,
        "flavanoids": 1.85,
        "alcohol": 12.33,
        "magnesium": 136.0,
        "dilution": 2.31,
        "ash": 1.95,
        "alcalinity_of_ash": 14.8,
        "color_intensity": 3.4,
        "proanthocyanins": 2.76,
        "malic_acid": 0.99,
        "type_of_wine": 2,
        "hue": 1.06,
        "nonflavanoid_phenols": 0.35
    },
    "80": {
        "proline": 463.0,
        "phenols": 2.83,
        "flavanoids": 2.55,
        "alcohol": 12.7,
        "magnesium": 101.0,
        "dilution": 3.13,
        "ash": 2.4,
        "alcalinity_of_ash": 23.0,
        "color_intensity": 2.57,
        "proanthocyanins": 1.95,
        "malic_acid": 3.87,
        "type_of_wine": 2,
        "hue": 1.19,
        "nonflavanoid_phenols": 0.43
    },
    "81": {
        "proline": 278.0,
        "phenols": 2.42,
        "flavanoids": 2.26,
        "alcohol": 12.0,
        "magnesium": 86.0,
        "dilution": 3.12,
        "ash": 2.0,
        "alcalinity_of_ash": 19.0,
        "color_intensity": 2.5,
        "proanthocyanins": 1.43,
        "malic_acid": 0.92,
        "type_of_wine": 2,
        "hue": 1.38,
        "nonflavanoid_phenols": 0.3
    },
    "82": {
        "proline": 714.0,
        "phenols": 2.2,
        "flavanoids": 2.53,
        "alcohol": 12.72,
        "magnesium": 86.0,
        "dilution": 3.14,
        "ash": 2.2,
        "alcalinity_of_ash": 18.8,
        "color_intensity": 3.9,
        "proanthocyanins": 1.77,
        "malic_acid": 1.81,
        "type_of_wine": 2,
        "hue": 1.16,
        "nonflavanoid_phenols": 0.26
    },
    "83": {
        "proline": 630.0,
        "phenols": 2.0,
        "flavanoids": 1.58,
        "alcohol": 12.08,
        "magnesium": 78.0,
        "dilution": 2.72,
        "ash": 2.51,
        "alcalinity_of_ash": 24.0,
        "color_intensity": 2.2,
        "proanthocyanins": 1.4,
        "malic_acid": 1.13,
        "type_of_wine": 2,
        "hue": 1.31,
        "nonflavanoid_phenols": 0.4
    },
    "84": {
        "proline": 515.0,
        "phenols": 1.65,
        "flavanoids": 1.59,
        "alcohol": 13.05,
        "magnesium": 85.0,
        "dilution": 2.01,
        "ash": 2.32,
        "alcalinity_of_ash": 22.5,
        "color_intensity": 4.8,
        "proanthocyanins": 1.62,
        "malic_acid": 3.86,
        "type_of_wine": 2,
        "hue": 0.84,
        "nonflavanoid_phenols": 0.61
    },
    "85": {
        "proline": 520.0,
        "phenols": 2.2,
        "flavanoids": 2.21,
        "alcohol": 11.84,
        "magnesium": 94.0,
        "dilution": 3.08,
        "ash": 2.58,
        "alcalinity_of_ash": 18.0,
        "color_intensity": 3.05,
        "proanthocyanins": 2.35,
        "malic_acid": 0.89,
        "type_of_wine": 2,
        "hue": 0.79,
        "nonflavanoid_phenols": 0.22
    },
    "86": {
        "proline": 450.0,
        "phenols": 2.2,
        "flavanoids": 1.94,
        "alcohol": 12.67,
        "magnesium": 99.0,
        "dilution": 3.16,
        "ash": 2.24,
        "alcalinity_of_ash": 18.0,
        "color_intensity": 2.62,
        "proanthocyanins": 1.46,
        "malic_acid": 0.98,
        "type_of_wine": 2,
        "hue": 1.23,
        "nonflavanoid_phenols": 0.3
    },
    "87": {
        "proline": 495.0,
        "phenols": 1.78,
        "flavanoids": 1.69,
        "alcohol": 12.16,
        "magnesium": 90.0,
        "dilution": 2.26,
        "ash": 2.31,
        "alcalinity_of_ash": 22.8,
        "color_intensity": 2.45,
        "proanthocyanins": 1.56,
        "malic_acid": 1.61,
        "type_of_wine": 2,
        "hue": 1.33,
        "nonflavanoid_phenols": 0.43
    },
    "88": {
        "proline": 562.0,
        "phenols": 1.92,
        "flavanoids": 1.61,
        "alcohol": 11.65,
        "magnesium": 88.0,
        "dilution": 3.21,
        "ash": 2.62,
        "alcalinity_of_ash": 26.0,
        "color_intensity": 2.6,
        "proanthocyanins": 1.34,
        "malic_acid": 1.67,
        "type_of_wine": 2,
        "hue": 1.36,
        "nonflavanoid_phenols": 0.4
    },
    "89": {
        "proline": 680.0,
        "phenols": 1.95,
        "flavanoids": 1.69,
        "alcohol": 11.64,
        "magnesium": 84.0,
        "dilution": 2.75,
        "ash": 2.46,
        "alcalinity_of_ash": 21.6,
        "color_intensity": 2.8,
        "proanthocyanins": 1.35,
        "malic_acid": 2.06,
        "type_of_wine": 2,
        "hue": 1.0,
        "nonflavanoid_phenols": 0.48
    },
    "90": {
        "proline": 625.0,
        "phenols": 2.2,
        "flavanoids": 1.59,
        "alcohol": 12.08,
        "magnesium": 70.0,
        "dilution": 3.21,
        "ash": 2.3,
        "alcalinity_of_ash": 23.6,
        "color_intensity": 1.74,
        "proanthocyanins": 1.38,
        "malic_acid": 1.33,
        "type_of_wine": 2,
        "hue": 1.07,
        "nonflavanoid_phenols": 0.42
    },
    "91": {
        "proline": 480.0,
        "phenols": 1.6,
        "flavanoids": 1.5,
        "alcohol": 12.08,
        "magnesium": 81.0,
        "dilution": 2.27,
        "ash": 2.32,
        "alcalinity_of_ash": 18.5,
        "color_intensity": 2.4,
        "proanthocyanins": 1.64,
        "malic_acid": 1.83,
        "type_of_wine": 2,
        "hue": 1.08,
        "nonflavanoid_phenols": 0.52
    },
    "92": {
        "proline": 450.0,
        "phenols": 1.45,
        "flavanoids": 1.25,
        "alcohol": 12.0,
        "magnesium": 86.0,
        "dilution": 2.65,
        "ash": 2.42,
        "alcalinity_of_ash": 22.0,
        "color_intensity": 3.6,
        "proanthocyanins": 1.63,
        "malic_acid": 1.51,
        "type_of_wine": 2,
        "hue": 1.05,
        "nonflavanoid_phenols": 0.5
    },
    "93": {
        "proline": 495.0,
        "phenols": 1.38,
        "flavanoids": 1.46,
        "alcohol": 12.69,
        "magnesium": 80.0,
        "dilution": 2.06,
        "ash": 2.26,
        "alcalinity_of_ash": 20.7,
        "color_intensity": 3.05,
        "proanthocyanins": 1.62,
        "malic_acid": 1.53,
        "type_of_wine": 2,
        "hue": 0.96,
        "nonflavanoid_phenols": 0.58
    },
    "94": {
        "proline": 290.0,
        "phenols": 2.45,
        "flavanoids": 2.25,
        "alcohol": 12.29,
        "magnesium": 88.0,
        "dilution": 3.3,
        "ash": 2.22,
        "alcalinity_of_ash": 18.0,
        "color_intensity": 2.15,
        "proanthocyanins": 1.99,
        "malic_acid": 2.83,
        "type_of_wine": 2,
        "hue": 1.15,
        "nonflavanoid_phenols": 0.25
    },
    "95": {
        "proline": 345.0,
        "phenols": 3.02,
        "flavanoids": 2.26,
        "alcohol": 11.62,
        "magnesium": 98.0,
        "dilution": 2.96,
        "ash": 2.28,
        "alcalinity_of_ash": 18.0,
        "color_intensity": 3.25,
        "proanthocyanins": 1.35,
        "malic_acid": 1.99,
        "type_of_wine": 2,
        "hue": 1.16,
        "nonflavanoid_phenols": 0.17
    },
    "96": {
        "proline": 937.0,
        "phenols": 2.5,
        "flavanoids": 2.27,
        "alcohol": 12.47,
        "magnesium": 162.0,
        "dilution": 2.63,
        "ash": 2.2,
        "alcalinity_of_ash": 19.0,
        "color_intensity": 2.6,
        "proanthocyanins": 3.28,
        "malic_acid": 1.52,
        "type_of_wine": 2,
        "hue": 1.16,
        "nonflavanoid_phenols": 0.32
    },
    "97": {
        "proline": 625.0,
        "phenols": 1.6,
        "flavanoids": 0.99,
        "alcohol": 11.81,
        "magnesium": 134.0,
        "dilution": 2.26,
        "ash": 2.74,
        "alcalinity_of_ash": 21.5,
        "color_intensity": 2.5,
        "proanthocyanins": 1.56,
        "malic_acid": 2.12,
        "type_of_wine": 2,
        "hue": 0.95,
        "nonflavanoid_phenols": 0.14
    },
    "98": {
        "proline": 428.0,
        "phenols": 2.55,
        "flavanoids": 2.5,
        "alcohol": 12.29,
        "magnesium": 85.0,
        "dilution": 2.74,
        "ash": 1.98,
        "alcalinity_of_ash": 16.0,
        "color_intensity": 2.9,
        "proanthocyanins": 1.77,
        "malic_acid": 1.41,
        "type_of_wine": 2,
        "hue": 1.23,
        "nonflavanoid_phenols": 0.29
    },
    "99": {
        "proline": 660.0,
        "phenols": 3.52,
        "flavanoids": 3.75,
        "alcohol": 12.37,
        "magnesium": 88.0,
        "dilution": 2.77,
        "ash": 2.1,
        "alcalinity_of_ash": 18.5,
        "color_intensity": 4.5,
        "proanthocyanins": 1.95,
        "malic_acid": 1.07,
        "type_of_wine": 2,
        "hue": 1.04,
        "nonflavanoid_phenols": 0.24
    },
    "100": {
        "proline": 406.0,
        "phenols": 2.85,
        "flavanoids": 2.99,
        "alcohol": 12.29,
        "magnesium": 88.0,
        "dilution": 2.83,
        "ash": 2.21,
        "alcalinity_of_ash": 18.0,
        "color_intensity": 2.3,
        "proanthocyanins": 2.81,
        "malic_acid": 3.17,
        "type_of_wine": 2,
        "hue": 1.42,
        "nonflavanoid_phenols": 0.45
    },
    "101": {
        "proline": 710.0,
        "phenols": 2.23,
        "flavanoids": 2.17,
        "alcohol": 12.08,
        "magnesium": 97.0,
        "dilution": 2.96,
        "ash": 1.7,
        "alcalinity_of_ash": 17.5,
        "color_intensity": 3.3,
        "proanthocyanins": 1.4,
        "malic_acid": 2.08,
        "type_of_wine": 2,
        "hue": 1.27,
        "nonflavanoid_phenols": 0.26
    },
    "102": {
        "proline": 562.0,
        "phenols": 1.45,
        "flavanoids": 1.36,
        "alcohol": 12.6,
        "magnesium": 88.0,
        "dilution": 2.77,
        "ash": 1.9,
        "alcalinity_of_ash": 18.5,
        "color_intensity": 2.45,
        "proanthocyanins": 1.35,
        "malic_acid": 1.34,
        "type_of_wine": 2,
        "hue": 1.04,
        "nonflavanoid_phenols": 0.29
    },
    "103": {
        "proline": 438.0,
        "phenols": 2.56,
        "flavanoids": 2.11,
        "alcohol": 12.34,
        "magnesium": 98.0,
        "dilution": 3.38,
        "ash": 2.46,
        "alcalinity_of_ash": 21.0,
        "color_intensity": 2.8,
        "proanthocyanins": 1.31,
        "malic_acid": 2.45,
        "type_of_wine": 2,
        "hue": 0.8,
        "nonflavanoid_phenols": 0.34
    },
    "104": {
        "proline": 415.0,
        "phenols": 2.5,
        "flavanoids": 1.64,
        "alcohol": 11.82,
        "magnesium": 86.0,
        "dilution": 2.44,
        "ash": 1.88,
        "alcalinity_of_ash": 19.5,
        "color_intensity": 2.06,
        "proanthocyanins": 1.42,
        "malic_acid": 1.72,
        "type_of_wine": 2,
        "hue": 0.94,
        "nonflavanoid_phenols": 0.37
    },
    "105": {
        "proline": 672.0,
        "phenols": 2.2,
        "flavanoids": 1.92,
        "alcohol": 12.51,
        "magnesium": 85.0,
        "dilution": 3.57,
        "ash": 1.98,
        "alcalinity_of_ash": 20.5,
        "color_intensity": 2.94,
        "proanthocyanins": 1.48,
        "malic_acid": 1.73,
        "type_of_wine": 2,
        "hue": 1.04,
        "nonflavanoid_phenols": 0.32
    },
    "106": {
        "proline": 315.0,
        "phenols": 1.68,
        "flavanoids": 1.84,
        "alcohol": 12.42,
        "magnesium": 90.0,
        "dilution": 3.3,
        "ash": 2.27,
        "alcalinity_of_ash": 22.0,
        "color_intensity": 2.7,
        "proanthocyanins": 1.42,
        "malic_acid": 2.55,
        "type_of_wine": 2,
        "hue": 0.86,
        "nonflavanoid_phenols": 0.66
    },
    "107": {
        "proline": 510.0,
        "phenols": 1.65,
        "flavanoids": 2.03,
        "alcohol": 12.25,
        "magnesium": 80.0,
        "dilution": 3.17,
        "ash": 2.12,
        "alcalinity_of_ash": 19.0,
        "color_intensity": 3.4,
        "proanthocyanins": 1.63,
        "malic_acid": 1.73,
        "type_of_wine": 2,
        "hue": 1.0,
        "nonflavanoid_phenols": 0.37
    },
    "108": {
        "proline": 488.0,
        "phenols": 1.38,
        "flavanoids": 1.76,
        "alcohol": 12.72,
        "magnesium": 84.0,
        "dilution": 2.42,
        "ash": 2.28,
        "alcalinity_of_ash": 22.5,
        "color_intensity": 3.3,
        "proanthocyanins": 1.63,
        "malic_acid": 1.75,
        "type_of_wine": 2,
        "hue": 0.88,
        "nonflavanoid_phenols": 0.48
    },
    "109": {
        "proline": 312.0,
        "phenols": 2.36,
        "flavanoids": 2.04,
        "alcohol": 12.22,
        "magnesium": 92.0,
        "dilution": 3.02,
        "ash": 1.94,
        "alcalinity_of_ash": 19.0,
        "color_intensity": 2.7,
        "proanthocyanins": 2.08,
        "malic_acid": 1.29,
        "type_of_wine": 2,
        "hue": 0.86,
        "nonflavanoid_phenols": 0.39
    },
    "110": {
        "proline": 680.0,
        "phenols": 2.74,
        "flavanoids": 2.92,
        "alcohol": 11.61,
        "magnesium": 94.0,
        "dilution": 3.26,
        "ash": 2.7,
        "alcalinity_of_ash": 20.0,
        "color_intensity": 2.65,
        "proanthocyanins": 2.49,
        "malic_acid": 1.35,
        "type_of_wine": 2,
        "hue": 0.96,
        "nonflavanoid_phenols": 0.29
    },
    "111": {
        "proline": 562.0,
        "phenols": 3.18,
        "flavanoids": 2.58,
        "alcohol": 11.46,
        "magnesium": 107.0,
        "dilution": 2.81,
        "ash": 1.82,
        "alcalinity_of_ash": 19.5,
        "color_intensity": 2.9,
        "proanthocyanins": 3.58,
        "malic_acid": 3.74,
        "type_of_wine": 2,
        "hue": 0.75,
        "nonflavanoid_phenols": 0.24
    },
    "112": {
        "proline": 325.0,
        "phenols": 2.55,
        "flavanoids": 2.27,
        "alcohol": 12.52,
        "magnesium": 88.0,
        "dilution": 2.78,
        "ash": 2.17,
        "alcalinity_of_ash": 21.0,
        "color_intensity": 2.0,
        "proanthocyanins": 1.22,
        "malic_acid": 2.43,
        "type_of_wine": 2,
        "hue": 0.9,
        "nonflavanoid_phenols": 0.26
    },
    "113": {
        "proline": 607.0,
        "phenols": 1.75,
        "flavanoids": 2.03,
        "alcohol": 11.76,
        "magnesium": 103.0,
        "dilution": 2.5,
        "ash": 2.92,
        "alcalinity_of_ash": 20.0,
        "color_intensity": 3.8,
        "proanthocyanins": 1.05,
        "malic_acid": 2.68,
        "type_of_wine": 2,
        "hue": 1.23,
        "nonflavanoid_phenols": 0.6
    },
    "114": {
        "proline": 434.0,
        "phenols": 2.48,
        "flavanoids": 2.01,
        "alcohol": 11.41,
        "magnesium": 88.0,
        "dilution": 2.31,
        "ash": 2.5,
        "alcalinity_of_ash": 21.0,
        "color_intensity": 3.08,
        "proanthocyanins": 1.44,
        "malic_acid": 0.74,
        "type_of_wine": 2,
        "hue": 1.1,
        "nonflavanoid_phenols": 0.42
    },
    "115": {
        "proline": 385.0,
        "phenols": 2.56,
        "flavanoids": 2.29,
        "alcohol": 12.08,
        "magnesium": 84.0,
        "dilution": 3.19,
        "ash": 2.5,
        "alcalinity_of_ash": 22.5,
        "color_intensity": 2.9,
        "proanthocyanins": 1.04,
        "malic_acid": 1.39,
        "type_of_wine": 2,
        "hue": 0.93,
        "nonflavanoid_phenols": 0.43
    },
    "116": {
        "proline": 407.0,
        "phenols": 2.46,
        "flavanoids": 2.17,
        "alcohol": 11.03,
        "magnesium": 85.0,
        "dilution": 2.87,
        "ash": 2.2,
        "alcalinity_of_ash": 21.5,
        "color_intensity": 1.9,
        "proanthocyanins": 2.01,
        "malic_acid": 1.51,
        "type_of_wine": 2,
        "hue": 1.71,
        "nonflavanoid_phenols": 0.52
    },
    "117": {
        "proline": 495.0,
        "phenols": 1.98,
        "flavanoids": 1.6,
        "alcohol": 11.82,
        "magnesium": 86.0,
        "dilution": 3.33,
        "ash": 1.99,
        "alcalinity_of_ash": 20.8,
        "color_intensity": 1.95,
        "proanthocyanins": 1.53,
        "malic_acid": 1.47,
        "type_of_wine": 2,
        "hue": 0.95,
        "nonflavanoid_phenols": 0.3
    },
    "118": {
        "proline": 345.0,
        "phenols": 2.0,
        "flavanoids": 2.09,
        "alcohol": 12.42,
        "magnesium": 108.0,
        "dilution": 2.96,
        "ash": 2.19,
        "alcalinity_of_ash": 22.5,
        "color_intensity": 2.06,
        "proanthocyanins": 1.61,
        "malic_acid": 1.61,
        "type_of_wine": 2,
        "hue": 1.06,
        "nonflavanoid_phenols": 0.34
    },
    "119": {
        "proline": 372.0,
        "phenols": 1.63,
        "flavanoids": 1.25,
        "alcohol": 12.77,
        "magnesium": 80.0,
        "dilution": 2.12,
        "ash": 1.98,
        "alcalinity_of_ash": 16.0,
        "color_intensity": 3.4,
        "proanthocyanins": 0.83,
        "malic_acid": 3.43,
        "type_of_wine": 2,
        "hue": 0.7,
        "nonflavanoid_phenols": 0.43
    },
    "120": {
        "proline": 564.0,
        "phenols": 2.0,
        "flavanoids": 1.64,
        "alcohol": 12.0,
        "magnesium": 87.0,
        "dilution": 3.05,
        "ash": 2.0,
        "alcalinity_of_ash": 19.0,
        "color_intensity": 1.28,
        "proanthocyanins": 1.87,
        "malic_acid": 3.43,
        "type_of_wine": 2,
        "hue": 0.93,
        "nonflavanoid_phenols": 0.37
    },
    "121": {
        "proline": 625.0,
        "phenols": 2.9,
        "flavanoids": 2.79,
        "alcohol": 11.45,
        "magnesium": 96.0,
        "dilution": 3.39,
        "ash": 2.42,
        "alcalinity_of_ash": 20.0,
        "color_intensity": 3.25,
        "proanthocyanins": 1.83,
        "malic_acid": 2.4,
        "type_of_wine": 2,
        "hue": 0.8,
        "nonflavanoid_phenols": 0.32
    },
    "122": {
        "proline": 465.0,
        "phenols": 3.18,
        "flavanoids": 5.08,
        "alcohol": 11.56,
        "magnesium": 119.0,
        "dilution": 3.69,
        "ash": 3.23,
        "alcalinity_of_ash": 28.5,
        "color_intensity": 6.0,
        "proanthocyanins": 1.87,
        "malic_acid": 2.05,
        "type_of_wine": 2,
        "hue": 0.93,
        "nonflavanoid_phenols": 0.47
    },
    "123": {
        "proline": 365.0,
        "phenols": 2.2,
        "flavanoids": 2.13,
        "alcohol": 12.42,
        "magnesium": 102.0,
        "dilution": 3.12,
        "ash": 2.73,
        "alcalinity_of_ash": 26.5,
        "color_intensity": 2.08,
        "proanthocyanins": 1.71,
        "malic_acid": 4.43,
        "type_of_wine": 2,
        "hue": 0.92,
        "nonflavanoid_phenols": 0.43
    },
    "124": {
        "proline": 380.0,
        "phenols": 2.62,
        "flavanoids": 2.65,
        "alcohol": 13.05,
        "magnesium": 86.0,
        "dilution": 3.1,
        "ash": 2.13,
        "alcalinity_of_ash": 21.5,
        "color_intensity": 2.6,
        "proanthocyanins": 2.01,
        "malic_acid": 5.8,
        "type_of_wine": 2,
        "hue": 0.73,
        "nonflavanoid_phenols": 0.3
    },
    "125": {
        "proline": 380.0,
        "phenols": 2.86,
        "flavanoids": 3.03,
        "alcohol": 11.87,
        "magnesium": 82.0,
        "dilution": 3.64,
        "ash": 2.39,
        "alcalinity_of_ash": 21.0,
        "color_intensity": 2.8,
        "proanthocyanins": 2.91,
        "malic_acid": 4.31,
        "type_of_wine": 2,
        "hue": 0.75,
        "nonflavanoid_phenols": 0.21
    },
    "126": {
        "proline": 378.0,
        "phenols": 2.6,
        "flavanoids": 2.65,
        "alcohol": 12.07,
        "magnesium": 85.0,
        "dilution": 3.28,
        "ash": 2.17,
        "alcalinity_of_ash": 21.0,
        "color_intensity": 2.76,
        "proanthocyanins": 1.35,
        "malic_acid": 2.16,
        "type_of_wine": 2,
        "hue": 0.86,
        "nonflavanoid_phenols": 0.37
    },
    "127": {
        "proline": 352.0,
        "phenols": 2.74,
        "flavanoids": 3.15,
        "alcohol": 12.43,
        "magnesium": 86.0,
        "dilution": 2.84,
        "ash": 2.29,
        "alcalinity_of_ash": 21.5,
        "color_intensity": 3.94,
        "proanthocyanins": 1.77,
        "malic_acid": 1.53,
        "type_of_wine": 2,
        "hue": 0.69,
        "nonflavanoid_phenols": 0.39
    },
    "128": {
        "proline": 466.0,
        "phenols": 2.13,
        "flavanoids": 2.24,
        "alcohol": 11.79,
        "magnesium": 92.0,
        "dilution": 2.44,
        "ash": 2.78,
        "alcalinity_of_ash": 28.5,
        "color_intensity": 3.0,
        "proanthocyanins": 1.76,
        "malic_acid": 2.13,
        "type_of_wine": 2,
        "hue": 0.97,
        "nonflavanoid_phenols": 0.58
    },
    "129": {
        "proline": 342.0,
        "phenols": 2.22,
        "flavanoids": 2.45,
        "alcohol": 12.37,
        "magnesium": 88.0,
        "dilution": 2.78,
        "ash": 2.3,
        "alcalinity_of_ash": 24.5,
        "color_intensity": 2.12,
        "proanthocyanins": 1.9,
        "malic_acid": 1.63,
        "type_of_wine": 2,
        "hue": 0.89,
        "nonflavanoid_phenols": 0.4
    },
    "130": {
        "proline": 580.0,
        "phenols": 2.1,
        "flavanoids": 1.75,
        "alcohol": 12.04,
        "magnesium": 80.0,
        "dilution": 2.57,
        "ash": 2.38,
        "alcalinity_of_ash": 22.0,
        "color_intensity": 2.6,
        "proanthocyanins": 1.35,
        "malic_acid": 4.3,
        "type_of_wine": 2,
        "hue": 0.79,
        "nonflavanoid_phenols": 0.42
    },
    "131": {
        "proline": 630.0,
        "phenols": 1.51,
        "flavanoids": 1.25,
        "alcohol": 12.86,
        "magnesium": 122.0,
        "dilution": 1.29,
        "ash": 2.32,
        "alcalinity_of_ash": 18.0,
        "color_intensity": 4.1,
        "proanthocyanins": 0.94,
        "malic_acid": 1.35,
        "type_of_wine": 3,
        "hue": 0.76,
        "nonflavanoid_phenols": 0.21
    },
    "132": {
        "proline": 530.0,
        "phenols": 1.3,
        "flavanoids": 1.22,
        "alcohol": 12.88,
        "magnesium": 104.0,
        "dilution": 1.42,
        "ash": 2.4,
        "alcalinity_of_ash": 20.0,
        "color_intensity": 5.4,
        "proanthocyanins": 0.83,
        "malic_acid": 2.99,
        "type_of_wine": 3,
        "hue": 0.74,
        "nonflavanoid_phenols": 0.24
    },
    "133": {
        "proline": 560.0,
        "phenols": 1.15,
        "flavanoids": 1.09,
        "alcohol": 12.81,
        "magnesium": 98.0,
        "dilution": 1.36,
        "ash": 2.4,
        "alcalinity_of_ash": 24.0,
        "color_intensity": 5.7,
        "proanthocyanins": 0.83,
        "malic_acid": 2.31,
        "type_of_wine": 3,
        "hue": 0.66,
        "nonflavanoid_phenols": 0.27
    },
    "134": {
        "proline": 600.0,
        "phenols": 1.7,
        "flavanoids": 1.2,
        "alcohol": 12.7,
        "magnesium": 106.0,
        "dilution": 1.29,
        "ash": 2.36,
        "alcalinity_of_ash": 21.5,
        "color_intensity": 5.0,
        "proanthocyanins": 0.84,
        "malic_acid": 3.55,
        "type_of_wine": 3,
        "hue": 0.78,
        "nonflavanoid_phenols": 0.17
    },
    "135": {
        "proline": 650.0,
        "phenols": 2.0,
        "flavanoids": 0.58,
        "alcohol": 12.51,
        "magnesium": 85.0,
        "dilution": 1.51,
        "ash": 2.25,
        "alcalinity_of_ash": 17.5,
        "color_intensity": 5.45,
        "proanthocyanins": 1.25,
        "malic_acid": 1.24,
        "type_of_wine": 3,
        "hue": 0.75,
        "nonflavanoid_phenols": 0.6
    },
    "136": {
        "proline": 695.0,
        "phenols": 1.62,
        "flavanoids": 0.66,
        "alcohol": 12.6,
        "magnesium": 94.0,
        "dilution": 1.58,
        "ash": 2.2,
        "alcalinity_of_ash": 18.5,
        "color_intensity": 7.1,
        "proanthocyanins": 0.94,
        "malic_acid": 2.46,
        "type_of_wine": 3,
        "hue": 0.73,
        "nonflavanoid_phenols": 0.63
    },
    "137": {
        "proline": 720.0,
        "phenols": 1.38,
        "flavanoids": 0.47,
        "alcohol": 12.25,
        "magnesium": 89.0,
        "dilution": 1.27,
        "ash": 2.54,
        "alcalinity_of_ash": 21.0,
        "color_intensity": 3.85,
        "proanthocyanins": 0.8,
        "malic_acid": 4.72,
        "type_of_wine": 3,
        "hue": 0.75,
        "nonflavanoid_phenols": 0.53
    },
    "138": {
        "proline": 515.0,
        "phenols": 1.79,
        "flavanoids": 0.6,
        "alcohol": 12.53,
        "magnesium": 96.0,
        "dilution": 1.69,
        "ash": 2.64,
        "alcalinity_of_ash": 25.0,
        "color_intensity": 5.0,
        "proanthocyanins": 1.1,
        "malic_acid": 5.51,
        "type_of_wine": 3,
        "hue": 0.82,
        "nonflavanoid_phenols": 0.63
    },
    "139": {
        "proline": 580.0,
        "phenols": 1.62,
        "flavanoids": 0.48,
        "alcohol": 13.49,
        "magnesium": 88.0,
        "dilution": 1.82,
        "ash": 2.19,
        "alcalinity_of_ash": 19.5,
        "color_intensity": 5.7,
        "proanthocyanins": 0.88,
        "malic_acid": 3.59,
        "type_of_wine": 3,
        "hue": 0.81,
        "nonflavanoid_phenols": 0.58
    },
    "140": {
        "proline": 590.0,
        "phenols": 2.32,
        "flavanoids": 0.6,
        "alcohol": 12.84,
        "magnesium": 101.0,
        "dilution": 2.15,
        "ash": 2.61,
        "alcalinity_of_ash": 24.0,
        "color_intensity": 4.92,
        "proanthocyanins": 0.81,
        "malic_acid": 2.96,
        "type_of_wine": 3,
        "hue": 0.89,
        "nonflavanoid_phenols": 0.53
    },
    "141": {
        "proline": 600.0,
        "phenols": 1.54,
        "flavanoids": 0.5,
        "alcohol": 12.93,
        "magnesium": 96.0,
        "dilution": 2.31,
        "ash": 2.7,
        "alcalinity_of_ash": 21.0,
        "color_intensity": 4.6,
        "proanthocyanins": 0.75,
        "malic_acid": 2.81,
        "type_of_wine": 3,
        "hue": 0.77,
        "nonflavanoid_phenols": 0.53
    },
    "142": {
        "proline": 780.0,
        "phenols": 1.4,
        "flavanoids": 0.5,
        "alcohol": 13.36,
        "magnesium": 89.0,
        "dilution": 2.47,
        "ash": 2.35,
        "alcalinity_of_ash": 20.0,
        "color_intensity": 5.6,
        "proanthocyanins": 0.64,
        "malic_acid": 2.56,
        "type_of_wine": 3,
        "hue": 0.7,
        "nonflavanoid_phenols": 0.37
    },
    "143": {
        "proline": 520.0,
        "phenols": 1.55,
        "flavanoids": 0.52,
        "alcohol": 13.52,
        "magnesium": 97.0,
        "dilution": 2.06,
        "ash": 2.72,
        "alcalinity_of_ash": 23.5,
        "color_intensity": 4.35,
        "proanthocyanins": 0.55,
        "malic_acid": 3.17,
        "type_of_wine": 3,
        "hue": 0.89,
        "nonflavanoid_phenols": 0.5
    },
    "144": {
        "proline": 550.0,
        "phenols": 2.0,
        "flavanoids": 0.8,
        "alcohol": 13.62,
        "magnesium": 92.0,
        "dilution": 2.05,
        "ash": 2.35,
        "alcalinity_of_ash": 20.0,
        "color_intensity": 4.4,
        "proanthocyanins": 1.02,
        "malic_acid": 4.95,
        "type_of_wine": 3,
        "hue": 0.91,
        "nonflavanoid_phenols": 0.47
    },
    "145": {
        "proline": 855.0,
        "phenols": 1.38,
        "flavanoids": 0.78,
        "alcohol": 12.25,
        "magnesium": 112.0,
        "dilution": 2.0,
        "ash": 2.2,
        "alcalinity_of_ash": 18.5,
        "color_intensity": 8.21,
        "proanthocyanins": 1.14,
        "malic_acid": 3.88,
        "type_of_wine": 3,
        "hue": 0.65,
        "nonflavanoid_phenols": 0.29
    },
    "146": {
        "proline": 830.0,
        "phenols": 1.5,
        "flavanoids": 0.55,
        "alcohol": 13.16,
        "magnesium": 102.0,
        "dilution": 1.68,
        "ash": 2.15,
        "alcalinity_of_ash": 21.0,
        "color_intensity": 4.0,
        "proanthocyanins": 1.3,
        "malic_acid": 3.57,
        "type_of_wine": 3,
        "hue": 0.6,
        "nonflavanoid_phenols": 0.43
    },
    "147": {
        "proline": 415.0,
        "phenols": 0.98,
        "flavanoids": 0.34,
        "alcohol": 13.88,
        "magnesium": 80.0,
        "dilution": 1.33,
        "ash": 2.23,
        "alcalinity_of_ash": 20.0,
        "color_intensity": 4.9,
        "proanthocyanins": 0.68,
        "malic_acid": 5.04,
        "type_of_wine": 3,
        "hue": 0.58,
        "nonflavanoid_phenols": 0.4
    },
    "148": {
        "proline": 625.0,
        "phenols": 1.7,
        "flavanoids": 0.65,
        "alcohol": 12.87,
        "magnesium": 86.0,
        "dilution": 1.86,
        "ash": 2.48,
        "alcalinity_of_ash": 21.5,
        "color_intensity": 7.65,
        "proanthocyanins": 0.86,
        "malic_acid": 4.61,
        "type_of_wine": 3,
        "hue": 0.54,
        "nonflavanoid_phenols": 0.47
    },
    "149": {
        "proline": 650.0,
        "phenols": 1.93,
        "flavanoids": 0.76,
        "alcohol": 13.32,
        "magnesium": 92.0,
        "dilution": 1.62,
        "ash": 2.38,
        "alcalinity_of_ash": 21.5,
        "color_intensity": 8.42,
        "proanthocyanins": 1.25,
        "malic_acid": 3.24,
        "type_of_wine": 3,
        "hue": 0.55,
        "nonflavanoid_phenols": 0.45
    },
    "150": {
        "proline": 550.0,
        "phenols": 1.41,
        "flavanoids": 1.39,
        "alcohol": 13.08,
        "magnesium": 113.0,
        "dilution": 1.33,
        "ash": 2.36,
        "alcalinity_of_ash": 21.5,
        "color_intensity": 9.4,
        "proanthocyanins": 1.14,
        "malic_acid": 3.9,
        "type_of_wine": 3,
        "hue": 0.57,
        "nonflavanoid_phenols": 0.34
    },
    "151": {
        "proline": 500.0,
        "phenols": 1.4,
        "flavanoids": 1.57,
        "alcohol": 13.5,
        "magnesium": 123.0,
        "dilution": 1.3,
        "ash": 2.62,
        "alcalinity_of_ash": 24.0,
        "color_intensity": 8.6,
        "proanthocyanins": 1.25,
        "malic_acid": 3.12,
        "type_of_wine": 3,
        "hue": 0.59,
        "nonflavanoid_phenols": 0.22
    },
    "152": {
        "proline": 480.0,
        "phenols": 1.48,
        "flavanoids": 1.36,
        "alcohol": 12.79,
        "magnesium": 112.0,
        "dilution": 1.47,
        "ash": 2.48,
        "alcalinity_of_ash": 22.0,
        "color_intensity": 10.8,
        "proanthocyanins": 1.26,
        "malic_acid": 2.67,
        "type_of_wine": 3,
        "hue": 0.48,
        "nonflavanoid_phenols": 0.24
    },
    "153": {
        "proline": 425.0,
        "phenols": 2.2,
        "flavanoids": 1.28,
        "alcohol": 13.11,
        "magnesium": 116.0,
        "dilution": 1.33,
        "ash": 2.75,
        "alcalinity_of_ash": 25.5,
        "color_intensity": 7.1,
        "proanthocyanins": 1.56,
        "malic_acid": 1.9,
        "type_of_wine": 3,
        "hue": 0.61,
        "nonflavanoid_phenols": 0.26
    },
    "154": {
        "proline": 675.0,
        "phenols": 1.8,
        "flavanoids": 0.83,
        "alcohol": 13.23,
        "magnesium": 98.0,
        "dilution": 1.51,
        "ash": 2.28,
        "alcalinity_of_ash": 18.5,
        "color_intensity": 10.52,
        "proanthocyanins": 1.87,
        "malic_acid": 3.3,
        "type_of_wine": 3,
        "hue": 0.56,
        "nonflavanoid_phenols": 0.61
    },
    "155": {
        "proline": 640.0,
        "phenols": 1.48,
        "flavanoids": 0.58,
        "alcohol": 12.58,
        "magnesium": 103.0,
        "dilution": 1.55,
        "ash": 2.1,
        "alcalinity_of_ash": 20.0,
        "color_intensity": 7.6,
        "proanthocyanins": 1.4,
        "malic_acid": 1.29,
        "type_of_wine": 3,
        "hue": 0.58,
        "nonflavanoid_phenols": 0.53
    },
    "156": {
        "proline": 725.0,
        "phenols": 1.74,
        "flavanoids": 0.63,
        "alcohol": 13.17,
        "magnesium": 93.0,
        "dilution": 1.48,
        "ash": 2.32,
        "alcalinity_of_ash": 22.0,
        "color_intensity": 7.9,
        "proanthocyanins": 1.55,
        "malic_acid": 5.19,
        "type_of_wine": 3,
        "hue": 0.6,
        "nonflavanoid_phenols": 0.61
    },
    "157": {
        "proline": 480.0,
        "phenols": 1.8,
        "flavanoids": 0.83,
        "alcohol": 13.84,
        "magnesium": 89.0,
        "dilution": 1.64,
        "ash": 2.38,
        "alcalinity_of_ash": 19.5,
        "color_intensity": 9.01,
        "proanthocyanins": 1.56,
        "malic_acid": 4.12,
        "type_of_wine": 3,
        "hue": 0.57,
        "nonflavanoid_phenols": 0.48
    },
    "158": {
        "proline": 880.0,
        "phenols": 1.9,
        "flavanoids": 0.58,
        "alcohol": 12.45,
        "magnesium": 97.0,
        "dilution": 1.73,
        "ash": 2.64,
        "alcalinity_of_ash": 27.0,
        "color_intensity": 7.5,
        "proanthocyanins": 1.14,
        "malic_acid": 3.03,
        "type_of_wine": 3,
        "hue": 0.67,
        "nonflavanoid_phenols": 0.63
    },
    "159": {
        "proline": 660.0,
        "phenols": 2.8,
        "flavanoids": 1.31,
        "alcohol": 14.34,
        "magnesium": 98.0,
        "dilution": 1.96,
        "ash": 2.7,
        "alcalinity_of_ash": 25.0,
        "color_intensity": 13.0,
        "proanthocyanins": 2.7,
        "malic_acid": 1.68,
        "type_of_wine": 3,
        "hue": 0.57,
        "nonflavanoid_phenols": 0.53
    },
    "160": {
        "proline": 620.0,
        "phenols": 2.6,
        "flavanoids": 1.1,
        "alcohol": 13.48,
        "magnesium": 89.0,
        "dilution": 1.78,
        "ash": 2.64,
        "alcalinity_of_ash": 22.5,
        "color_intensity": 11.75,
        "proanthocyanins": 2.29,
        "malic_acid": 1.67,
        "type_of_wine": 3,
        "hue": 0.57,
        "nonflavanoid_phenols": 0.52
    },
    "161": {
        "proline": 520.0,
        "phenols": 2.3,
        "flavanoids": 0.92,
        "alcohol": 12.36,
        "magnesium": 88.0,
        "dilution": 1.58,
        "ash": 2.38,
        "alcalinity_of_ash": 21.0,
        "color_intensity": 7.65,
        "proanthocyanins": 1.04,
        "malic_acid": 3.83,
        "type_of_wine": 3,
        "hue": 0.56,
        "nonflavanoid_phenols": 0.5
    },
    "162": {
        "proline": 680.0,
        "phenols": 1.83,
        "flavanoids": 0.56,
        "alcohol": 13.69,
        "magnesium": 107.0,
        "dilution": 1.82,
        "ash": 2.54,
        "alcalinity_of_ash": 20.0,
        "color_intensity": 5.88,
        "proanthocyanins": 0.8,
        "malic_acid": 3.26,
        "type_of_wine": 3,
        "hue": 0.96,
        "nonflavanoid_phenols": 0.5
    },
    "163": {
        "proline": 570.0,
        "phenols": 1.65,
        "flavanoids": 0.6,
        "alcohol": 12.85,
        "magnesium": 106.0,
        "dilution": 2.11,
        "ash": 2.58,
        "alcalinity_of_ash": 22.0,
        "color_intensity": 5.58,
        "proanthocyanins": 0.96,
        "malic_acid": 3.27,
        "type_of_wine": 3,
        "hue": 0.87,
        "nonflavanoid_phenols": 0.6
    },
    "164": {
        "proline": 675.0,
        "phenols": 1.39,
        "flavanoids": 0.7,
        "alcohol": 12.96,
        "magnesium": 106.0,
        "dilution": 1.75,
        "ash": 2.35,
        "alcalinity_of_ash": 18.5,
        "color_intensity": 5.28,
        "proanthocyanins": 0.94,
        "malic_acid": 3.45,
        "type_of_wine": 3,
        "hue": 0.68,
        "nonflavanoid_phenols": 0.4
    },
    "165": {
        "proline": 615.0,
        "phenols": 1.35,
        "flavanoids": 0.68,
        "alcohol": 13.78,
        "magnesium": 90.0,
        "dilution": 1.68,
        "ash": 2.3,
        "alcalinity_of_ash": 22.0,
        "color_intensity": 9.58,
        "proanthocyanins": 1.03,
        "malic_acid": 2.76,
        "type_of_wine": 3,
        "hue": 0.7,
        "nonflavanoid_phenols": 0.41
    },
    "166": {
        "proline": 520.0,
        "phenols": 1.28,
        "flavanoids": 0.47,
        "alcohol": 13.73,
        "magnesium": 88.0,
        "dilution": 1.75,
        "ash": 2.26,
        "alcalinity_of_ash": 22.5,
        "color_intensity": 6.62,
        "proanthocyanins": 1.15,
        "malic_acid": 4.36,
        "type_of_wine": 3,
        "hue": 0.78,
        "nonflavanoid_phenols": 0.52
    },
    "167": {
        "proline": 695.0,
        "phenols": 1.7,
        "flavanoids": 0.92,
        "alcohol": 13.45,
        "magnesium": 111.0,
        "dilution": 1.56,
        "ash": 2.6,
        "alcalinity_of_ash": 23.0,
        "color_intensity": 10.68,
        "proanthocyanins": 1.46,
        "malic_acid": 3.7,
        "type_of_wine": 3,
        "hue": 0.85,
        "nonflavanoid_phenols": 0.43
    },
    "168": {
        "proline": 685.0,
        "phenols": 1.48,
        "flavanoids": 0.66,
        "alcohol": 12.82,
        "magnesium": 88.0,
        "dilution": 1.75,
        "ash": 2.3,
        "alcalinity_of_ash": 19.5,
        "color_intensity": 10.26,
        "proanthocyanins": 0.97,
        "malic_acid": 3.37,
        "type_of_wine": 3,
        "hue": 0.72,
        "nonflavanoid_phenols": 0.4
    },
    "169": {
        "proline": 750.0,
        "phenols": 1.55,
        "flavanoids": 0.84,
        "alcohol": 13.58,
        "magnesium": 105.0,
        "dilution": 1.8,
        "ash": 2.69,
        "alcalinity_of_ash": 24.5,
        "color_intensity": 8.66,
        "proanthocyanins": 1.54,
        "malic_acid": 2.58,
        "type_of_wine": 3,
        "hue": 0.74,
        "nonflavanoid_phenols": 0.39
    },
    "170": {
        "proline": 630.0,
        "phenols": 1.98,
        "flavanoids": 0.96,
        "alcohol": 13.4,
        "magnesium": 112.0,
        "dilution": 1.92,
        "ash": 2.86,
        "alcalinity_of_ash": 25.0,
        "color_intensity": 8.5,
        "proanthocyanins": 1.11,
        "malic_acid": 4.6,
        "type_of_wine": 3,
        "hue": 0.67,
        "nonflavanoid_phenols": 0.27
    },
    "171": {
        "proline": 510.0,
        "phenols": 1.25,
        "flavanoids": 0.49,
        "alcohol": 12.2,
        "magnesium": 96.0,
        "dilution": 1.83,
        "ash": 2.32,
        "alcalinity_of_ash": 19.0,
        "color_intensity": 5.5,
        "proanthocyanins": 0.73,
        "malic_acid": 3.03,
        "type_of_wine": 3,
        "hue": 0.66,
        "nonflavanoid_phenols": 0.4
    },
    "172": {
        "proline": 470.0,
        "phenols": 1.39,
        "flavanoids": 0.51,
        "alcohol": 12.77,
        "magnesium": 86.0,
        "dilution": 1.63,
        "ash": 2.28,
        "alcalinity_of_ash": 19.5,
        "color_intensity": 9.899999,
        "proanthocyanins": 0.64,
        "malic_acid": 2.39,
        "type_of_wine": 3,
        "hue": 0.57,
        "nonflavanoid_phenols": 0.48
    },
    "173": {
        "proline": 660.0,
        "phenols": 1.68,
        "flavanoids": 0.7,
        "alcohol": 14.16,
        "magnesium": 91.0,
        "dilution": 1.71,
        "ash": 2.48,
        "alcalinity_of_ash": 20.0,
        "color_intensity": 9.7,
        "proanthocyanins": 1.24,
        "malic_acid": 2.51,
        "type_of_wine": 3,
        "hue": 0.62,
        "nonflavanoid_phenols": 0.44
    },
    "174": {
        "proline": 740.0,
        "phenols": 1.68,
        "flavanoids": 0.61,
        "alcohol": 13.71,
        "magnesium": 95.0,
        "dilution": 1.74,
        "ash": 2.45,
        "alcalinity_of_ash": 20.5,
        "color_intensity": 7.7,
        "proanthocyanins": 1.06,
        "malic_acid": 5.65,
        "type_of_wine": 3,
        "hue": 0.64,
        "nonflavanoid_phenols": 0.52
    },
    "175": {
        "proline": 750.0,
        "phenols": 1.8,
        "flavanoids": 0.75,
        "alcohol": 13.4,
        "magnesium": 102.0,
        "dilution": 1.56,
        "ash": 2.48,
        "alcalinity_of_ash": 23.0,
        "color_intensity": 7.3,
        "proanthocyanins": 1.41,
        "malic_acid": 3.91,
        "type_of_wine": 3,
        "hue": 0.7,
        "nonflavanoid_phenols": 0.43
    },
    "176": {
        "proline": 835.0,
        "phenols": 1.59,
        "flavanoids": 0.69,
        "alcohol": 13.27,
        "magnesium": 120.0,
        "dilution": 1.56,
        "ash": 2.26,
        "alcalinity_of_ash": 20.0,
        "color_intensity": 10.2,
        "proanthocyanins": 1.35,
        "malic_acid": 4.28,
        "type_of_wine": 3,
        "hue": 0.59,
        "nonflavanoid_phenols": 0.43
    },
    "177": {
        "proline": 840.0,
        "phenols": 1.65,
        "flavanoids": 0.68,
        "alcohol": 13.17,
        "magnesium": 120.0,
        "dilution": 1.62,
        "ash": 2.37,
        "alcalinity_of_ash": 20.0,
        "color_intensity": 9.3,
        "proanthocyanins": 1.46,
        "malic_acid": 2.59,
        "type_of_wine": 3,
        "hue": 0.6,
        "nonflavanoid_phenols": 0.53
    },
    "178": {
        "proline": 560.0,
        "phenols": 2.05,
        "flavanoids": 0.76,
        "alcohol": 14.13,
        "magnesium": 96.0,
        "dilution": 1.6,
        "ash": 2.74,
        "alcalinity_of_ash": 24.5,
        "color_intensity": 9.2,
        "proanthocyanins": 1.35,
        "malic_acid": 4.1,
        "type_of_wine": 3,
        "hue": 0.61,
        "nonflavanoid_phenols": 0.56
    }
}