{
    "1": {
        "color_intensity": 2.29,
        "flavanoids": 2.8,
        "proathocyanins": 0.28,
        "alclinity_of_ash": 2.43,
        "malic_acid": 14.23,
        "nonflavanoid_phenols": 3.06,
        "hue": 5.64,
        "ash": 1.71,
        "dilution": 1.04,
        "alcohol": 1.0,
        "proaline": 3.92,
        "magnesium": 15.6,
        "total_phenols": 127.0
    },
    "2": {
        "color_intensity": 1.28,
        "flavanoids": 2.65,
        "proathocyanins": 0.26,
        "alclinity_of_ash": 2.14,
        "malic_acid": 13.2,
        "nonflavanoid_phenols": 2.76,
        "hue": 4.38,
        "ash": 1.78,
        "dilution": 1.05,
        "alcohol": 1.0,
        "proaline": 3.4,
        "magnesium": 11.2,
        "total_phenols": 100.0
    },
    "3": {
        "color_intensity": 2.81,
        "flavanoids": 2.8,
        "proathocyanins": 0.3,
        "alclinity_of_ash": 2.67,
        "malic_acid": 13.16,
        "nonflavanoid_phenols": 3.24,
        "hue": 5.68,
        "ash": 2.36,
        "dilution": 1.03,
        "alcohol": 1.0,
        "proaline": 3.17,
        "magnesium": 18.6,
        "total_phenols": 101.0
    },
    "4": {
        "color_intensity": 2.18,
        "flavanoids": 3.85,
        "proathocyanins": 0.24,
        "alclinity_of_ash": 2.5,
        "malic_acid": 14.37,
        "nonflavanoid_phenols": 3.49,
        "hue": 7.8,
        "ash": 1.95,
        "dilution": 0.86,
        "alcohol": 1.0,
        "proaline": 3.45,
        "magnesium": 16.8,
        "total_phenols": 113.0
    },
    "5": {
        "color_intensity": 1.82,
        "flavanoids": 2.8,
        "proathocyanins": 0.39,
        "alclinity_of_ash": 2.87,
        "malic_acid": 13.24,
        "nonflavanoid_phenols": 2.69,
        "hue": 4.32,
        "ash": 2.59,
        "dilution": 1.04,
        "alcohol": 1.0,
        "proaline": 2.93,
        "magnesium": 21.0,
        "total_phenols": 118.0
    },
    "6": {
        "color_intensity": 1.97,
        "flavanoids": 3.27,
        "proathocyanins": 0.34,
        "alclinity_of_ash": 2.45,
        "malic_acid": 14.2,
        "nonflavanoid_phenols": 3.39,
        "hue": 6.75,
        "ash": 1.76,
        "dilution": 1.05,
        "alcohol": 1.0,
        "proaline": 2.85,
        "magnesium": 15.2,
        "total_phenols": 112.0
    },
    "7": {
        "color_intensity": 1.98,
        "flavanoids": 2.5,
        "proathocyanins": 0.3,
        "alclinity_of_ash": 2.45,
        "malic_acid": 14.39,
        "nonflavanoid_phenols": 2.52,
        "hue": 5.25,
        "ash": 1.87,
        "dilution": 1.02,
        "alcohol": 1.0,
        "proaline": 3.58,
        "magnesium": 14.6,
        "total_phenols": 96.0
    },
    "8": {
        "color_intensity": 1.25,
        "flavanoids": 2.6,
        "proathocyanins": 0.31,
        "alclinity_of_ash": 2.61,
        "malic_acid": 14.06,
        "nonflavanoid_phenols": 2.51,
        "hue": 5.05,
        "ash": 2.15,
        "dilution": 1.06,
        "alcohol": 1.0,
        "proaline": 3.58,
        "magnesium": 17.6,
        "total_phenols": 121.0
    },
    "9": {
        "color_intensity": 1.98,
        "flavanoids": 2.8,
        "proathocyanins": 0.29,
        "alclinity_of_ash": 2.17,
        "malic_acid": 14.83,
        "nonflavanoid_phenols": 2.98,
        "hue": 5.2,
        "ash": 1.64,
        "dilution": 1.08,
        "alcohol": 1.0,
        "proaline": 2.85,
        "magnesium": 14.0,
        "total_phenols": 97.0
    },
    "10": {
        "color_intensity": 1.85,
        "flavanoids": 2.98,
        "proathocyanins": 0.22,
        "alclinity_of_ash": 2.27,
        "malic_acid": 13.86,
        "nonflavanoid_phenols": 3.15,
        "hue": 7.22,
        "ash": 1.35,
        "dilution": 1.01,
        "alcohol": 1.0,
        "proaline": 3.55,
        "magnesium": 16.0,
        "total_phenols": 98.0
    },
    "11": {
        "color_intensity": 2.38,
        "flavanoids": 2.95,
        "proathocyanins": 0.22,
        "alclinity_of_ash": 2.3,
        "malic_acid": 14.1,
        "nonflavanoid_phenols": 3.32,
        "hue": 5.75,
        "ash": 2.16,
        "dilution": 1.25,
        "alcohol": 1.0,
        "proaline": 3.17,
        "magnesium": 18.0,
        "total_phenols": 105.0
    },
    "12": {
        "color_intensity": 1.57,
        "flavanoids": 2.2,
        "proathocyanins": 0.26,
        "alclinity_of_ash": 2.32,
        "malic_acid": 14.12,
        "nonflavanoid_phenols": 2.43,
        "hue": 5.0,
        "ash": 1.48,
        "dilution": 1.17,
        "alcohol": 1.0,
        "proaline": 2.82,
        "magnesium": 16.8,
        "total_phenols": 95.0
    },
    "13": {
        "color_intensity": 1.81,
        "flavanoids": 2.6,
        "proathocyanins": 0.29,
        "alclinity_of_ash": 2.41,
        "malic_acid": 13.75,
        "nonflavanoid_phenols": 2.76,
        "hue": 5.6,
        "ash": 1.73,
        "dilution": 1.15,
        "alcohol": 1.0,
        "proaline": 2.9,
        "magnesium": 16.0,
        "total_phenols": 89.0
    },
    "14": {
        "color_intensity": 2.81,
        "flavanoids": 3.1,
        "proathocyanins": 0.43,
        "alclinity_of_ash": 2.39,
        "malic_acid": 14.75,
        "nonflavanoid_phenols": 3.69,
        "hue": 5.4,
        "ash": 1.73,
        "dilution": 1.25,
        "alcohol": 1.0,
        "proaline": 2.73,
        "magnesium": 11.4,
        "total_phenols": 91.0
    },
    "15": {
        "color_intensity": 2.96,
        "flavanoids": 3.3,
        "proathocyanins": 0.29,
        "alclinity_of_ash": 2.38,
        "malic_acid": 14.38,
        "nonflavanoid_phenols": 3.64,
        "hue": 7.5,
        "ash": 1.87,
        "dilution": 1.2,
        "alcohol": 1.0,
        "proaline": 3.0,
        "magnesium": 12.0,
        "total_phenols": 102.0
    },
    "16": {
        "color_intensity": 1.46,
        "flavanoids": 2.85,
        "proathocyanins": 0.3,
        "alclinity_of_ash": 2.7,
        "malic_acid": 13.63,
        "nonflavanoid_phenols": 2.91,
        "hue": 7.3,
        "ash": 1.81,
        "dilution": 1.28,
        "alcohol": 1.0,
        "proaline": 2.88,
        "magnesium": 17.2,
        "total_phenols": 112.0
    },
    "17": {
        "color_intensity": 1.97,
        "flavanoids": 2.8,
        "proathocyanins": 0.33,
        "alclinity_of_ash": 2.72,
        "malic_acid": 14.3,
        "nonflavanoid_phenols": 3.14,
        "hue": 6.2,
        "ash": 1.92,
        "dilution": 1.07,
        "alcohol": 1.0,
        "proaline": 2.65,
        "magnesium": 20.0,
        "total_phenols": 120.0
    },
    "18": {
        "color_intensity": 1.72,
        "flavanoids": 2.95,
        "proathocyanins": 0.4,
        "alclinity_of_ash": 2.62,
        "malic_acid": 13.83,
        "nonflavanoid_phenols": 3.4,
        "hue": 6.6,
        "ash": 1.57,
        "dilution": 1.13,
        "alcohol": 1.0,
        "proaline": 2.57,
        "magnesium": 20.0,
        "total_phenols": 115.0
    },
    "19": {
        "color_intensity": 1.86,
        "flavanoids": 3.3,
        "proathocyanins": 0.32,
        "alclinity_of_ash": 2.48,
        "malic_acid": 14.19,
        "nonflavanoid_phenols": 3.93,
        "hue": 8.7,
        "ash": 1.59,
        "dilution": 1.23,
        "alcohol": 1.0,
        "proaline": 2.82,
        "magnesium": 16.5,
        "total_phenols": 108.0
    },
    "20": {
        "color_intensity": 1.66,
        "flavanoids": 2.7,
        "proathocyanins": 0.17,
        "alclinity_of_ash": 2.56,
        "malic_acid": 13.64,
        "nonflavanoid_phenols": 3.03,
        "hue": 5.1,
        "ash": 3.1,
        "dilution": 0.96,
        "alcohol": 1.0,
        "proaline": 3.36,
        "magnesium": 15.2,
        "total_phenols": 116.0
    },
    "21": {
        "color_intensity": 2.1,
        "flavanoids": 3.0,
        "proathocyanins": 0.24,
        "alclinity_of_ash": 2.28,
        "malic_acid": 14.06,
        "nonflavanoid_phenols": 3.17,
        "hue": 5.65,
        "ash": 1.63,
        "dilution": 1.09,
        "alcohol": 1.0,
        "proaline": 3.71,
        "magnesium": 16.0,
        "total_phenols": 126.0
    },
    "22": {
        "color_intensity": 1.98,
        "flavanoids": 2.41,
        "proathocyanins": 0.25,
        "alclinity_of_ash": 2.65,
        "malic_acid": 12.93,
        "nonflavanoid_phenols": 2.41,
        "hue": 4.5,
        "ash": 3.8,
        "dilution": 1.03,
        "alcohol": 1.0,
        "proaline": 3.52,
        "magnesium": 18.6,
        "total_phenols": 102.0
    },
    "23": {
        "color_intensity": 1.69,
        "flavanoids": 2.61,
        "proathocyanins": 0.27,
        "alclinity_of_ash": 2.36,
        "malic_acid": 13.71,
        "nonflavanoid_phenols": 2.88,
        "hue": 3.8,
        "ash": 1.86,
        "dilution": 1.11,
        "alcohol": 1.0,
        "proaline": 4.0,
        "magnesium": 16.6,
        "total_phenols": 101.0
    },
    "24": {
        "color_intensity": 1.46,
        "flavanoids": 2.48,
        "proathocyanins": 0.26,
        "alclinity_of_ash": 2.52,
        "malic_acid": 12.85,
        "nonflavanoid_phenols": 2.37,
        "hue": 3.93,
        "ash": 1.6,
        "dilution": 1.09,
        "alcohol": 1.0,
        "proaline": 3.63,
        "magnesium": 17.8,
        "total_phenols": 95.0
    },
    "25": {
        "color_intensity": 1.66,
        "flavanoids": 2.53,
        "proathocyanins": 0.28,
        "alclinity_of_ash": 2.61,
        "malic_acid": 13.5,
        "nonflavanoid_phenols": 2.61,
        "hue": 3.52,
        "ash": 1.81,
        "dilution": 1.12,
        "alcohol": 1.0,
        "proaline": 3.82,
        "magnesium": 20.0,
        "total_phenols": 96.0
    },
    "26": {
        "color_intensity": 1.92,
        "flavanoids": 2.63,
        "proathocyanins": 0.47,
        "alclinity_of_ash": 3.22,
        "malic_acid": 13.05,
        "nonflavanoid_phenols": 2.68,
        "hue": 3.58,
        "ash": 2.05,
        "dilution": 1.13,
        "alcohol": 1.0,
        "proaline": 3.2,
        "magnesium": 25.0,
        "total_phenols": 124.0
    },
    "27": {
        "color_intensity": 1.45,
        "flavanoids": 2.85,
        "proathocyanins": 0.34,
        "alclinity_of_ash": 2.62,
        "malic_acid": 13.39,
        "nonflavanoid_phenols": 2.94,
        "hue": 4.8,
        "ash": 1.77,
        "dilution": 0.92,
        "alcohol": 1.0,
        "proaline": 3.22,
        "magnesium": 16.1,
        "total_phenols": 93.0
    },
    "28": {
        "color_intensity": 1.35,
        "flavanoids": 2.4,
        "proathocyanins": 0.27,
        "alclinity_of_ash": 2.14,
        "malic_acid": 13.3,
        "nonflavanoid_phenols": 2.19,
        "hue": 3.95,
        "ash": 1.72,
        "dilution": 1.02,
        "alcohol": 1.0,
        "proaline": 2.77,
        "magnesium": 17.0,
        "total_phenols": 94.0
    },
    "29": {
        "color_intensity": 1.76,
        "flavanoids": 2.95,
        "proathocyanins": 0.37,
        "alclinity_of_ash": 2.8,
        "malic_acid": 13.87,
        "nonflavanoid_phenols": 2.97,
        "hue": 4.5,
        "ash": 1.9,
        "dilution": 1.25,
        "alcohol": 1.0,
        "proaline": 3.4,
        "magnesium": 19.4,
        "total_phenols": 107.0
    },
    "30": {
        "color_intensity": 1.98,
        "flavanoids": 2.65,
        "proathocyanins": 0.26,
        "alclinity_of_ash": 2.21,
        "malic_acid": 14.02,
        "nonflavanoid_phenols": 2.33,
        "hue": 4.7,
        "ash": 1.68,
        "dilution": 1.04,
        "alcohol": 1.0,
        "proaline": 3.59,
        "magnesium": 16.0,
        "total_phenols": 96.0
    },
    "31": {
        "color_intensity": 2.38,
        "flavanoids": 3.0,
        "proathocyanins": 0.29,
        "alclinity_of_ash": 2.7,
        "malic_acid": 13.73,
        "nonflavanoid_phenols": 3.25,
        "hue": 5.7,
        "ash": 1.5,
        "dilution": 1.19,
        "alcohol": 1.0,
        "proaline": 2.71,
        "magnesium": 22.5,
        "total_phenols": 101.0
    },
    "32": {
        "color_intensity": 1.95,
        "flavanoids": 2.86,
        "proathocyanins": 0.22,
        "alclinity_of_ash": 2.36,
        "malic_acid": 13.58,
        "nonflavanoid_phenols": 3.19,
        "hue": 6.9,
        "ash": 1.66,
        "dilution": 1.09,
        "alcohol": 1.0,
        "proaline": 2.88,
        "magnesium": 19.1,
        "total_phenols": 106.0
    },
    "33": {
        "color_intensity": 1.97,
        "flavanoids": 2.42,
        "proathocyanins": 0.42,
        "alclinity_of_ash": 2.36,
        "malic_acid": 13.68,
        "nonflavanoid_phenols": 2.69,
        "hue": 3.84,
        "ash": 1.83,
        "dilution": 1.23,
        "alcohol": 1.0,
        "proaline": 2.87,
        "magnesium": 17.2,
        "total_phenols": 104.0
    },
    "34": {
        "color_intensity": 1.35,
        "flavanoids": 2.95,
        "proathocyanins": 0.5,
        "alclinity_of_ash": 2.7,
        "malic_acid": 13.76,
        "nonflavanoid_phenols": 2.74,
        "hue": 5.4,
        "ash": 1.53,
        "dilution": 1.25,
        "alcohol": 1.0,
        "proaline": 3.0,
        "magnesium": 19.5,
        "total_phenols": 132.0
    },
    "35": {
        "color_intensity": 1.54,
        "flavanoids": 2.35,
        "proathocyanins": 0.29,
        "alclinity_of_ash": 2.65,
        "malic_acid": 13.51,
        "nonflavanoid_phenols": 2.53,
        "hue": 4.2,
        "ash": 1.8,
        "dilution": 1.1,
        "alcohol": 1.0,
        "proaline": 2.87,
        "magnesium": 19.0,
        "total_phenols": 110.0
    },
    "36": {
        "color_intensity": 1.86,
        "flavanoids": 2.7,
        "proathocyanins": 0.26,
        "alclinity_of_ash": 2.41,
        "malic_acid": 13.48,
        "nonflavanoid_phenols": 2.98,
        "hue": 5.1,
        "ash": 1.81,
        "dilution": 1.04,
        "alcohol": 1.0,
        "proaline": 3.47,
        "magnesium": 20.5,
        "total_phenols": 100.0
    },
    "37": {
        "color_intensity": 1.36,
        "flavanoids": 2.6,
        "proathocyanins": 0.34,
        "alclinity_of_ash": 2.84,
        "malic_acid": 13.28,
        "nonflavanoid_phenols": 2.68,
        "hue": 4.6,
        "ash": 1.64,
        "dilution": 1.09,
        "alcohol": 1.0,
        "proaline": 2.78,
        "magnesium": 15.5,
        "total_phenols": 110.0
    },
    "38": {
        "color_intensity": 1.44,
        "flavanoids": 2.45,
        "proathocyanins": 0.29,
        "alclinity_of_ash": 2.55,
        "malic_acid": 13.05,
        "nonflavanoid_phenols": 2.43,
        "hue": 4.25,
        "ash": 1.65,
        "dilution": 1.12,
        "alcohol": 1.0,
        "proaline": 2.51,
        "magnesium": 18.0,
        "total_phenols": 98.0
    },
    "39": {
        "color_intensity": 1.37,
        "flavanoids": 2.4,
        "proathocyanins": 0.28,
        "alclinity_of_ash": 2.1,
        "malic_acid": 13.07,
        "nonflavanoid_phenols": 2.64,
        "hue": 3.7,
        "ash": 1.5,
        "dilution": 1.18,
        "alcohol": 1.0,
        "proaline": 2.69,
        "magnesium": 15.5,
        "total_phenols": 98.0
    },
    "40": {
        "color_intensity": 2.08,
        "flavanoids": 3.0,
        "proathocyanins": 0.2,
        "alclinity_of_ash": 2.51,
        "malic_acid": 14.22,
        "nonflavanoid_phenols": 3.04,
        "hue": 5.1,
        "ash": 3.99,
        "dilution": 0.89,
        "alcohol": 1.0,
        "proaline": 3.53,
        "magnesium": 13.2,
        "total_phenols": 128.0
    },
    "41": {
        "color_intensity": 2.34,
        "flavanoids": 3.15,
        "proathocyanins": 0.34,
        "alclinity_of_ash": 2.31,
        "malic_acid": 13.56,
        "nonflavanoid_phenols": 3.29,
        "hue": 6.13,
        "ash": 1.71,
        "dilution": 0.95,
        "alcohol": 1.0,
        "proaline": 3.38,
        "magnesium": 16.2,
        "total_phenols": 117.0
    },
    "42": {
        "color_intensity": 1.48,
        "flavanoids": 2.45,
        "proathocyanins": 0.27,
        "alclinity_of_ash": 2.12,
        "malic_acid": 13.41,
        "nonflavanoid_phenols": 2.68,
        "hue": 4.28,
        "ash": 3.84,
        "dilution": 0.91,
        "alcohol": 1.0,
        "proaline": 3.0,
        "magnesium": 18.8,
        "total_phenols": 90.0
    },
    "43": {
        "color_intensity": 1.7,
        "flavanoids": 3.25,
        "proathocyanins": 0.17,
        "alclinity_of_ash": 2.59,
        "malic_acid": 13.88,
        "nonflavanoid_phenols": 3.56,
        "hue": 5.43,
        "ash": 1.89,
        "dilution": 0.88,
        "alcohol": 1.0,
        "proaline": 3.56,
        "magnesium": 15.0,
        "total_phenols": 101.0
    },
    "44": {
        "color_intensity": 1.66,
        "flavanoids": 2.64,
        "proathocyanins": 0.32,
        "alclinity_of_ash": 2.29,
        "malic_acid": 13.24,
        "nonflavanoid_phenols": 2.63,
        "hue": 4.36,
        "ash": 3.98,
        "dilution": 0.82,
        "alcohol": 1.0,
        "proaline": 3.0,
        "magnesium": 17.5,
        "total_phenols": 103.0
    },
    "45": {
        "color_intensity": 2.03,
        "flavanoids": 3.0,
        "proathocyanins": 0.28,
        "alclinity_of_ash": 2.1,
        "malic_acid": 13.05,
        "nonflavanoid_phenols": 3.0,
        "hue": 5.04,
        "ash": 1.77,
        "dilution": 0.88,
        "alcohol": 1.0,
        "proaline": 3.35,
        "magnesium": 17.0,
        "total_phenols": 107.0
    },
    "46": {
        "color_intensity": 1.25,
        "flavanoids": 2.85,
        "proathocyanins": 0.3,
        "alclinity_of_ash": 2.44,
        "malic_acid": 14.21,
        "nonflavanoid_phenols": 2.65,
        "hue": 5.24,
        "ash": 4.04,
        "dilution": 0.87,
        "alcohol": 1.0,
        "proaline": 3.33,
        "magnesium": 18.9,
        "total_phenols": 111.0
    },
    "47": {
        "color_intensity": 2.19,
        "flavanoids": 3.25,
        "proathocyanins": 0.27,
        "alclinity_of_ash": 2.28,
        "malic_acid": 14.38,
        "nonflavanoid_phenols": 3.17,
        "hue": 4.9,
        "ash": 3.59,
        "dilution": 1.04,
        "alcohol": 1.0,
        "proaline": 3.44,
        "magnesium": 16.0,
        "total_phenols": 102.0
    },
    "48": {
        "color_intensity": 2.14,
        "flavanoids": 3.1,
        "proathocyanins": 0.21,
        "alclinity_of_ash": 2.12,
        "malic_acid": 13.9,
        "nonflavanoid_phenols": 3.39,
        "hue": 6.1,
        "ash": 1.68,
        "dilution": 0.91,
        "alcohol": 1.0,
        "proaline": 3.33,
        "magnesium": 16.0,
        "total_phenols": 101.0
    },
    "49": {
        "color_intensity": 2.38,
        "flavanoids": 2.75,
        "proathocyanins": 0.32,
        "alclinity_of_ash": 2.4,
        "malic_acid": 14.1,
        "nonflavanoid_phenols": 2.92,
        "hue": 6.2,
        "ash": 2.02,
        "dilution": 1.07,
        "alcohol": 1.0,
        "proaline": 2.75,
        "magnesium": 18.8,
        "total_phenols": 103.0
    },
    "50": {
        "color_intensity": 2.08,
        "flavanoids": 2.88,
        "proathocyanins": 0.32,
        "alclinity_of_ash": 2.27,
        "malic_acid": 13.94,
        "nonflavanoid_phenols": 3.54,
        "hue": 8.9,
        "ash": 1.73,
        "dilution": 1.12,
        "alcohol": 1.0,
        "proaline": 3.1,
        "magnesium": 17.4,
        "total_phenols": 108.0
    },
    "51": {
        "color_intensity": 2.91,
        "flavanoids": 2.72,
        "proathocyanins": 0.17,
        "alclinity_of_ash": 2.04,
        "malic_acid": 13.05,
        "nonflavanoid_phenols": 3.27,
        "hue": 7.2,
        "ash": 1.73,
        "dilution": 1.12,
        "alcohol": 1.0,
        "proaline": 2.91,
        "magnesium": 12.4,
        "total_phenols": 92.0
    },
    "52": {
        "color_intensity": 2.29,
        "flavanoids": 2.45,
        "proathocyanins": 0.22,
        "alclinity_of_ash": 2.6,
        "malic_acid": 13.83,
        "nonflavanoid_phenols": 2.99,
        "hue": 5.6,
        "ash": 1.65,
        "dilution": 1.24,
        "alcohol": 1.0,
        "proaline": 3.37,
        "magnesium": 17.2,
        "total_phenols": 94.0
    },
    "53": {
        "color_intensity": 1.87,
        "flavanoids": 3.88,
        "proathocyanins": 0.32,
        "alclinity_of_ash": 2.42,
        "malic_acid": 13.82,
        "nonflavanoid_phenols": 3.74,
        "hue": 7.05,
        "ash": 1.75,
        "dilution": 1.01,
        "alcohol": 1.0,
        "proaline": 3.26,
        "magnesium": 14.0,
        "total_phenols": 111.0
    },
    "54": {
        "color_intensity": 1.68,
        "flavanoids": 3.0,
        "proathocyanins": 0.39,
        "alclinity_of_ash": 2.68,
        "malic_acid": 13.77,
        "nonflavanoid_phenols": 2.79,
        "hue": 6.3,
        "ash": 1.9,
        "dilution": 1.13,
        "alcohol": 1.0,
        "proaline": 2.93,
        "magnesium": 17.1,
        "total_phenols": 115.0
    },
    "55": {
        "color_intensity": 1.62,
        "flavanoids": 2.6,
        "proathocyanins": 0.21,
        "alclinity_of_ash": 2.25,
        "malic_acid": 13.74,
        "nonflavanoid_phenols": 2.9,
        "hue": 5.85,
        "ash": 1.67,
        "dilution": 0.92,
        "alcohol": 1.0,
        "proaline": 3.2,
        "magnesium": 16.4,
        "total_phenols": 118.0
    },
    "56": {
        "color_intensity": 2.45,
        "flavanoids": 2.96,
        "proathocyanins": 0.2,
        "alclinity_of_ash": 2.46,
        "malic_acid": 13.56,
        "nonflavanoid_phenols": 2.78,
        "hue": 6.25,
        "ash": 1.73,
        "dilution": 0.98,
        "alcohol": 1.0,
        "proaline": 3.03,
        "magnesium": 20.5,
        "total_phenols": 116.0
    },
    "57": {
        "color_intensity": 2.03,
        "flavanoids": 3.2,
        "proathocyanins": 0.26,
        "alclinity_of_ash": 2.3,
        "malic_acid": 14.22,
        "nonflavanoid_phenols": 3.0,
        "hue": 6.38,
        "ash": 1.7,
        "dilution": 0.94,
        "alcohol": 1.0,
        "proaline": 3.31,
        "magnesium": 16.3,
        "total_phenols": 118.0
    },
    "58": {
        "color_intensity": 1.66,
        "flavanoids": 3.0,
        "proathocyanins": 0.31,
        "alclinity_of_ash": 2.68,
        "malic_acid": 13.29,
        "nonflavanoid_phenols": 3.23,
        "hue": 6.0,
        "ash": 1.97,
        "dilution": 1.07,
        "alcohol": 1.0,
        "proaline": 2.84,
        "magnesium": 16.8,
        "total_phenols": 102.0
    },
    "59": {
        "color_intensity": 2.04,
        "flavanoids": 3.4,
        "proathocyanins": 0.19,
        "alclinity_of_ash": 2.5,
        "malic_acid": 13.72,
        "nonflavanoid_phenols": 3.67,
        "hue": 6.8,
        "ash": 1.43,
        "dilution": 0.89,
        "alcohol": 1.0,
        "proaline": 2.87,
        "magnesium": 16.7,
        "total_phenols": 108.0
    },
    "60": {
        "color_intensity": 0.42,
        "flavanoids": 1.98,
        "proathocyanins": 0.28,
        "alclinity_of_ash": 1.36,
        "malic_acid": 12.37,
        "nonflavanoid_phenols": 0.57,
        "hue": 1.95,
        "ash": 0.94,
        "dilution": 1.05,
        "alcohol": 2.0,
        "proaline": 1.82,
        "magnesium": 10.6,
        "total_phenols": 88.0
    },
    "61": {
        "color_intensity": 0.41,
        "flavanoids": 2.05,
        "proathocyanins": 0.63,
        "alclinity_of_ash": 2.28,
        "malic_acid": 12.33,
        "nonflavanoid_phenols": 1.09,
        "hue": 3.27,
        "ash": 1.1,
        "dilution": 1.25,
        "alcohol": 2.0,
        "proaline": 1.67,
        "magnesium": 16.0,
        "total_phenols": 101.0
    },
    "62": {
        "color_intensity": 0.62,
        "flavanoids": 2.02,
        "proathocyanins": 0.53,
        "alclinity_of_ash": 2.02,
        "malic_acid": 12.64,
        "nonflavanoid_phenols": 1.41,
        "hue": 5.75,
        "ash": 1.36,
        "dilution": 0.98,
        "alcohol": 2.0,
        "proaline": 1.59,
        "magnesium": 16.8,
        "total_phenols": 100.0
    },
    "63": {
        "color_intensity": 0.73,
        "flavanoids": 2.1,
        "proathocyanins": 0.32,
        "alclinity_of_ash": 1.92,
        "malic_acid": 13.67,
        "nonflavanoid_phenols": 1.79,
        "hue": 3.8,
        "ash": 1.25,
        "dilution": 1.23,
        "alcohol": 2.0,
        "proaline": 2.46,
        "magnesium": 18.0,
        "total_phenols": 94.0
    },
    "64": {
        "color_intensity": 1.87,
        "flavanoids": 3.5,
        "proathocyanins": 0.19,
        "alclinity_of_ash": 2.16,
        "malic_acid": 12.37,
        "nonflavanoid_phenols": 3.1,
        "hue": 4.45,
        "ash": 1.13,
        "dilution": 1.22,
        "alcohol": 2.0,
        "proaline": 2.87,
        "magnesium": 19.0,
        "total_phenols": 87.0
    },
    "65": {
        "color_intensity": 1.03,
        "flavanoids": 1.89,
        "proathocyanins": 0.45,
        "alclinity_of_ash": 2.53,
        "malic_acid": 12.17,
        "nonflavanoid_phenols": 1.75,
        "hue": 2.95,
        "ash": 1.45,
        "dilution": 1.45,
        "alcohol": 2.0,
        "proaline": 2.23,
        "magnesium": 19.0,
        "total_phenols": 104.0
    },
    "66": {
        "color_intensity": 2.08,
        "flavanoids": 2.42,
        "proathocyanins": 0.37,
        "alclinity_of_ash": 2.56,
        "malic_acid": 12.37,
        "nonflavanoid_phenols": 2.65,
        "hue": 4.6,
        "ash": 1.21,
        "dilution": 1.19,
        "alcohol": 2.0,
        "proaline": 2.3,
        "magnesium": 18.1,
        "total_phenols": 98.0
    },
    "67": {
        "color_intensity": 2.28,
        "flavanoids": 2.98,
        "proathocyanins": 0.26,
        "alclinity_of_ash": 1.7,
        "malic_acid": 13.11,
        "nonflavanoid_phenols": 3.18,
        "hue": 5.3,
        "ash": 1.01,
        "dilution": 1.12,
        "alcohol": 2.0,
        "proaline": 3.18,
        "magnesium": 15.0,
        "total_phenols": 78.0
    },
    "68": {
        "color_intensity": 1.04,
        "flavanoids": 2.11,
        "proathocyanins": 0.27,
        "alclinity_of_ash": 1.92,
        "malic_acid": 12.37,
        "nonflavanoid_phenols": 2.0,
        "hue": 4.68,
        "ash": 1.17,
        "dilution": 1.12,
        "alcohol": 2.0,
        "proaline": 3.48,
        "magnesium": 19.6,
        "total_phenols": 78.0
    },
    "69": {
        "color_intensity": 0.42,
        "flavanoids": 2.53,
        "proathocyanins": 0.55,
        "alclinity_of_ash": 2.36,
        "malic_acid": 13.34,
        "nonflavanoid_phenols": 1.3,
        "hue": 3.17,
        "ash": 0.94,
        "dilution": 1.02,
        "alcohol": 2.0,
        "proaline": 1.93,
        "magnesium": 17.0,
        "total_phenols": 110.0
    },
    "70": {
        "color_intensity": 2.5,
        "flavanoids": 1.85,
        "proathocyanins": 0.14,
        "alclinity_of_ash": 1.75,
        "malic_acid": 12.21,
        "nonflavanoid_phenols": 1.28,
        "hue": 2.85,
        "ash": 1.19,
        "dilution": 1.28,
        "alcohol": 2.0,
        "proaline": 3.07,
        "magnesium": 16.8,
        "total_phenols": 151.0
    },
    "71": {
        "color_intensity": 1.46,
        "flavanoids": 1.1,
        "proathocyanins": 0.37,
        "alclinity_of_ash": 2.21,
        "malic_acid": 12.29,
        "nonflavanoid_phenols": 1.02,
        "hue": 3.05,
        "ash": 1.61,
        "dilution": 0.906,
        "alcohol": 2.0,
        "proaline": 1.82,
        "magnesium": 20.4,
        "total_phenols": 103.0
    },
    "72": {
        "color_intensity": 1.87,
        "flavanoids": 2.95,
        "proathocyanins": 0.21,
        "alclinity_of_ash": 2.67,
        "malic_acid": 13.86,
        "nonflavanoid_phenols": 2.86,
        "hue": 3.38,
        "ash": 1.51,
        "dilution": 1.36,
        "alcohol": 2.0,
        "proaline": 3.16,
        "magnesium": 25.0,
        "total_phenols": 86.0
    },
    "73": {
        "color_intensity": 1.03,
        "flavanoids": 1.88,
        "proathocyanins": 0.27,
        "alclinity_of_ash": 2.24,
        "malic_acid": 13.49,
        "nonflavanoid_phenols": 1.84,
        "hue": 3.74,
        "ash": 1.66,
        "dilution": 0.98,
        "alcohol": 2.0,
        "proaline": 2.78,
        "magnesium": 24.0,
        "total_phenols": 87.0
    },
    "74": {
        "color_intensity": 1.96,
        "flavanoids": 3.3,
        "proathocyanins": 0.21,
        "alclinity_of_ash": 2.6,
        "malic_acid": 12.99,
        "nonflavanoid_phenols": 2.89,
        "hue": 3.35,
        "ash": 1.67,
        "dilution": 1.31,
        "alcohol": 2.0,
        "proaline": 3.5,
        "magnesium": 30.0,
        "total_phenols": 139.0
    },
    "75": {
        "color_intensity": 1.65,
        "flavanoids": 3.38,
        "proathocyanins": 0.13,
        "alclinity_of_ash": 2.3,
        "malic_acid": 11.96,
        "nonflavanoid_phenols": 2.14,
        "hue": 3.21,
        "ash": 1.09,
        "dilution": 0.99,
        "alcohol": 2.0,
        "proaline": 3.13,
        "magnesium": 21.0,
        "total_phenols": 101.0
    },
    "76": {
        "color_intensity": 1.15,
        "flavanoids": 1.61,
        "proathocyanins": 0.34,
        "alclinity_of_ash": 1.92,
        "malic_acid": 11.66,
        "nonflavanoid_phenols": 1.57,
        "hue": 3.8,
        "ash": 1.88,
        "dilution": 1.23,
        "alcohol": 2.0,
        "proaline": 2.14,
        "magnesium": 16.0,
        "total_phenols": 97.0
    },
    "77": {
        "color_intensity": 1.46,
        "flavanoids": 1.95,
        "proathocyanins": 0.24,
        "alclinity_of_ash": 1.71,
        "malic_acid": 13.03,
        "nonflavanoid_phenols": 2.03,
        "hue": 4.6,
        "ash": 0.9,
        "dilution": 1.19,
        "alcohol": 2.0,
        "proaline": 2.48,
        "magnesium": 16.0,
        "total_phenols": 86.0
    },
    "78": {
        "color_intensity": 0.95,
        "flavanoids": 1.72,
        "proathocyanins": 0.43,
        "alclinity_of_ash": 2.23,
        "malic_acid": 11.84,
        "nonflavanoid_phenols": 1.32,
        "hue": 2.65,
        "ash": 2.89,
        "dilution": 0.96,
        "alcohol": 2.0,
        "proaline": 2.52,
        "magnesium": 18.0,
        "total_phenols": 112.0
    },
    "79": {
        "color_intensity": 2.76,
        "flavanoids": 1.9,
        "proathocyanins": 0.35,
        "alclinity_of_ash": 1.95,
        "malic_acid": 12.33,
        "nonflavanoid_phenols": 1.85,
        "hue": 3.4,
        "ash": 0.99,
        "dilution": 1.06,
        "alcohol": 2.0,
        "proaline": 2.31,
        "magnesium": 14.8,
        "total_phenols": 136.0
    },
    "80": {
        "color_intensity": 1.95,
        "flavanoids": 2.83,
        "proathocyanins": 0.43,
        "alclinity_of_ash": 2.4,
        "malic_acid": 12.7,
        "nonflavanoid_phenols": 2.55,
        "hue": 2.57,
        "ash": 3.87,
        "dilution": 1.19,
        "alcohol": 2.0,
        "proaline": 3.13,
        "magnesium": 23.0,
        "total_phenols": 101.0
    },
    "81": {
        "color_intensity": 1.43,
        "flavanoids": 2.42,
        "proathocyanins": 0.3,
        "alclinity_of_ash": 2.0,
        "malic_acid": 12.0,
        "nonflavanoid_phenols": 2.26,
        "hue": 2.5,
        "ash": 0.92,
        "dilution": 1.38,
        "alcohol": 2.0,
        "proaline": 3.12,
        "magnesium": 19.0,
        "total_phenols": 86.0
    },
    "82": {
        "color_intensity": 1.77,
        "flavanoids": 2.2,
        "proathocyanins": 0.26,
        "alclinity_of_ash": 2.2,
        "malic_acid": 12.72,
        "nonflavanoid_phenols": 2.53,
        "hue": 3.9,
        "ash": 1.81,
        "dilution": 1.16,
        "alcohol": 2.0,
        "proaline": 3.14,
        "magnesium": 18.8,
        "total_phenols": 86.0
    },
    "83": {
        "color_intensity": 1.4,
        "flavanoids": 2.0,
        "proathocyanins": 0.4,
        "alclinity_of_ash": 2.51,
        "malic_acid": 12.08,
        "nonflavanoid_phenols": 1.58,
        "hue": 2.2,
        "ash": 1.13,
        "dilution": 1.31,
        "alcohol": 2.0,
        "proaline": 2.72,
        "magnesium": 24.0,
        "total_phenols": 78.0
    },
    "84": {
        "color_intensity": 1.62,
        "flavanoids": 1.65,
        "proathocyanins": 0.61,
        "alclinity_of_ash": 2.32,
        "malic_acid": 13.05,
        "nonflavanoid_phenols": 1.59,
        "hue": 4.8,
        "ash": 3.86,
        "dilution": 0.84,
        "alcohol": 2.0,
        "proaline": 2.01,
        "magnesium": 22.5,
        "total_phenols": 85.0
    },
    "85": {
        "color_intensity": 2.35,
        "flavanoids": 2.2,
        "proathocyanins": 0.22,
        "alclinity_of_ash": 2.58,
        "malic_acid": 11.84,
        "nonflavanoid_phenols": 2.21,
        "hue": 3.05,
        "ash": 0.89,
        "dilution": 0.79,
        "alcohol": 2.0,
        "proaline": 3.08,
        "magnesium": 18.0,
        "total_phenols": 94.0
    },
    "86": {
        "color_intensity": 1.46,
        "flavanoids": 2.2,
        "proathocyanins": 0.3,
        "alclinity_of_ash": 2.24,
        "malic_acid": 12.67,
        "nonflavanoid_phenols": 1.94,
        "hue": 2.62,
        "ash": 0.98,
        "dilution": 1.23,
        "alcohol": 2.0,
        "proaline": 3.16,
        "magnesium": 18.0,
        "total_phenols": 99.0
    },
    "87": {
        "color_intensity": 1.56,
        "flavanoids": 1.78,
        "proathocyanins": 0.43,
        "alclinity_of_ash": 2.31,
        "malic_acid": 12.16,
        "nonflavanoid_phenols": 1.69,
        "hue": 2.45,
        "ash": 1.61,
        "dilution": 1.33,
        "alcohol": 2.0,
        "proaline": 2.26,
        "magnesium": 22.8,
        "total_phenols": 90.0
    },
    "88": {
        "color_intensity": 1.34,
        "flavanoids": 1.92,
        "proathocyanins": 0.4,
        "alclinity_of_ash": 2.62,
        "malic_acid": 11.65,
        "nonflavanoid_phenols": 1.61,
        "hue": 2.6,
        "ash": 1.67,
        "dilution": 1.36,
        "alcohol": 2.0,
        "proaline": 3.21,
        "magnesium": 26.0,
        "total_phenols": 88.0
    },
    "89": {
        "color_intensity": 1.35,
        "flavanoids": 1.95,
        "proathocyanins": 0.48,
        "alclinity_of_ash": 2.46,
        "malic_acid": 11.64,
        "nonflavanoid_phenols": 1.69,
        "hue": 2.8,
        "ash": 2.06,
        "dilution": 1.0,
        "alcohol": 2.0,
        "proaline": 2.75,
        "magnesium": 21.6,
        "total_phenols": 84.0
    },
    "90": {
        "color_intensity": 1.38,
        "flavanoids": 2.2,
        "proathocyanins": 0.42,
        "alclinity_of_ash": 2.3,
        "malic_acid": 12.08,
        "nonflavanoid_phenols": 1.59,
        "hue": 1.74,
        "ash": 1.33,
        "dilution": 1.07,
        "alcohol": 2.0,
        "proaline": 3.21,
        "magnesium": 23.6,
        "total_phenols": 70.0
    },
    "91": {
        "color_intensity": 1.64,
        "flavanoids": 1.6,
        "proathocyanins": 0.52,
        "alclinity_of_ash": 2.32,
        "malic_acid": 12.08,
        "nonflavanoid_phenols": 1.5,
        "hue": 2.4,
        "ash": 1.83,
        "dilution": 1.08,
        "alcohol": 2.0,
        "proaline": 2.27,
        "magnesium": 18.5,
        "total_phenols": 81.0
    },
    "92": {
        "color_intensity": 1.63,
        "flavanoids": 1.45,
        "proathocyanins": 0.5,
        "alclinity_of_ash": 2.42,
        "malic_acid": 12.0,
        "nonflavanoid_phenols": 1.25,
        "hue": 3.6,
        "ash": 1.51,
        "dilution": 1.05,
        "alcohol": 2.0,
        "proaline": 2.65,
        "magnesium": 22.0,
        "total_phenols": 86.0
    },
    "93": {
        "color_intensity": 1.62,
        "flavanoids": 1.38,
        "proathocyanins": 0.58,
        "alclinity_of_ash": 2.26,
        "malic_acid": 12.69,
        "nonflavanoid_phenols": 1.46,
        "hue": 3.05,
        "ash": 1.53,
        "dilution": 0.96,
        "alcohol": 2.0,
        "proaline": 2.06,
        "magnesium": 20.7,
        "total_phenols": 80.0
    },
    "94": {
        "color_intensity": 1.99,
        "flavanoids": 2.45,
        "proathocyanins": 0.25,
        "alclinity_of_ash": 2.22,
        "malic_acid": 12.29,
        "nonflavanoid_phenols": 2.25,
        "hue": 2.15,
        "ash": 2.83,
        "dilution": 1.15,
        "alcohol": 2.0,
        "proaline": 3.3,
        "magnesium": 18.0,
        "total_phenols": 88.0
    },
    "95": {
        "color_intensity": 1.35,
        "flavanoids": 3.02,
        "proathocyanins": 0.17,
        "alclinity_of_ash": 2.28,
        "malic_acid": 11.62,
        "nonflavanoid_phenols": 2.26,
        "hue": 3.25,
        "ash": 1.99,
        "dilution": 1.16,
        "alcohol": 2.0,
        "proaline": 2.96,
        "magnesium": 18.0,
        "total_phenols": 98.0
    },
    "96": {
        "color_intensity": 3.28,
        "flavanoids": 2.5,
        "proathocyanins": 0.32,
        "alclinity_of_ash": 2.2,
        "malic_acid": 12.47,
        "nonflavanoid_phenols": 2.27,
        "hue": 2.6,
        "ash": 1.52,
        "dilution": 1.16,
        "alcohol": 2.0,
        "proaline": 2.63,
        "magnesium": 19.0,
        "total_phenols": 162.0
    },
    "97": {
        "color_intensity": 1.56,
        "flavanoids": 1.6,
        "proathocyanins": 0.14,
        "alclinity_of_ash": 2.74,
        "malic_acid": 11.81,
        "nonflavanoid_phenols": 0.99,
        "hue": 2.5,
        "ash": 2.12,
        "dilution": 0.95,
        "alcohol": 2.0,
        "proaline": 2.26,
        "magnesium": 21.5,
        "total_phenols": 134.0
    },
    "98": {
        "color_intensity": 1.77,
        "flavanoids": 2.55,
        "proathocyanins": 0.29,
        "alclinity_of_ash": 1.98,
        "malic_acid": 12.29,
        "nonflavanoid_phenols": 2.5,
        "hue": 2.9,
        "ash": 1.41,
        "dilution": 1.23,
        "alcohol": 2.0,
        "proaline": 2.74,
        "magnesium": 16.0,
        "total_phenols": 85.0
    },
    "99": {
        "color_intensity": 1.95,
        "flavanoids": 3.52,
        "proathocyanins": 0.24,
        "alclinity_of_ash": 2.1,
        "malic_acid": 12.37,
        "nonflavanoid_phenols": 3.75,
        "hue": 4.5,
        "ash": 1.07,
        "dilution": 1.04,
        "alcohol": 2.0,
        "proaline": 2.77,
        "magnesium": 18.5,
        "total_phenols": 88.0
    },
    "100": {
        "color_intensity": 2.81,
        "flavanoids": 2.85,
        "proathocyanins": 0.45,
        "alclinity_of_ash": 2.21,
        "malic_acid": 12.29,
        "nonflavanoid_phenols": 2.99,
        "hue": 2.3,
        "ash": 3.17,
        "dilution": 1.42,
        "alcohol": 2.0,
        "proaline": 2.83,
        "magnesium": 18.0,
        "total_phenols": 88.0
    },
    "101": {
        "color_intensity": 1.4,
        "flavanoids": 2.23,
        "proathocyanins": 0.26,
        "alclinity_of_ash": 1.7,
        "malic_acid": 12.08,
        "nonflavanoid_phenols": 2.17,
        "hue": 3.3,
        "ash": 2.08,
        "dilution": 1.27,
        "alcohol": 2.0,
        "proaline": 2.96,
        "magnesium": 17.5,
        "total_phenols": 97.0
    },
    "102": {
        "color_intensity": 1.35,
        "flavanoids": 1.45,
        "proathocyanins": 0.29,
        "alclinity_of_ash": 1.9,
        "malic_acid": 12.6,
        "nonflavanoid_phenols": 1.36,
        "hue": 2.45,
        "ash": 1.34,
        "dilution": 1.04,
        "alcohol": 2.0,
        "proaline": 2.77,
        "magnesium": 18.5,
        "total_phenols": 88.0
    },
    "103": {
        "color_intensity": 1.31,
        "flavanoids": 2.56,
        "proathocyanins": 0.34,
        "alclinity_of_ash": 2.46,
        "malic_acid": 12.34,
        "nonflavanoid_phenols": 2.11,
        "hue": 2.8,
        "ash": 2.45,
        "dilution": 0.8,
        "alcohol": 2.0,
        "proaline": 3.38,
        "magnesium": 21.0,
        "total_phenols": 98.0
    },
    "104": {
        "color_intensity": 1.42,
        "flavanoids": 2.5,
        "proathocyanins": 0.37,
        "alclinity_of_ash": 1.88,
        "malic_acid": 11.82,
        "nonflavanoid_phenols": 1.64,
        "hue": 2.06,
        "ash": 1.72,
        "dilution": 0.94,
        "alcohol": 2.0,
        "proaline": 2.44,
        "magnesium": 19.5,
        "total_phenols": 86.0
    },
    "105": {
        "color_intensity": 1.48,
        "flavanoids": 2.2,
        "proathocyanins": 0.32,
        "alclinity_of_ash": 1.98,
        "malic_acid": 12.51,
        "nonflavanoid_phenols": 1.92,
        "hue": 2.94,
        "ash": 1.73,
        "dilution": 1.04,
        "alcohol": 2.0,
        "proaline": 3.57,
        "magnesium": 20.5,
        "total_phenols": 85.0
    },
    "106": {
        "color_intensity": 1.42,
        "flavanoids": 1.68,
        "proathocyanins": 0.66,
        "alclinity_of_ash": 2.27,
        "malic_acid": 12.42,
        "nonflavanoid_phenols": 1.84,
        "hue": 2.7,
        "ash": 2.55,
        "dilution": 0.86,
        "alcohol": 2.0,
        "proaline": 3.3,
        "magnesium": 22.0,
        "total_phenols": 90.0
    },
    "107": {
        "color_intensity": 1.63,
        "flavanoids": 1.65,
        "proathocyanins": 0.37,
        "alclinity_of_ash": 2.12,
        "malic_acid": 12.25,
        "nonflavanoid_phenols": 2.03,
        "hue": 3.4,
        "ash": 1.73,
        "dilution": 1.0,
        "alcohol": 2.0,
        "proaline": 3.17,
        "magnesium": 19.0,
        "total_phenols": 80.0
    },
    "108": {
        "color_intensity": 1.63,
        "flavanoids": 1.38,
        "proathocyanins": 0.48,
        "alclinity_of_ash": 2.28,
        "malic_acid": 12.72,
        "nonflavanoid_phenols": 1.76,
        "hue": 3.3,
        "ash": 1.75,
        "dilution": 0.88,
        "alcohol": 2.0,
        "proaline": 2.42,
        "magnesium": 22.5,
        "total_phenols": 84.0
    },
    "109": {
        "color_intensity": 2.08,
        "flavanoids": 2.36,
        "proathocyanins": 0.39,
        "alclinity_of_ash": 1.94,
        "malic_acid": 12.22,
        "nonflavanoid_phenols": 2.04,
        "hue": 2.7,
        "ash": 1.29,
        "dilution": 0.86,
        "alcohol": 2.0,
        "proaline": 3.02,
        "magnesium": 19.0,
        "total_phenols": 92.0
    },
    "110": {
        "color_intensity": 2.49,
        "flavanoids": 2.74,
        "proathocyanins": 0.29,
        "alclinity_of_ash": 2.7,
        "malic_acid": 11.61,
        "nonflavanoid_phenols": 2.92,
        "hue": 2.65,
        "ash": 1.35,
        "dilution": 0.96,
        "alcohol": 2.0,
        "proaline": 3.26,
        "magnesium": 20.0,
        "total_phenols": 94.0
    },
    "111": {
        "color_intensity": 3.58,
        "flavanoids": 3.18,
        "proathocyanins": 0.24,
        "alclinity_of_ash": 1.82,
        "malic_acid": 11.46,
        "nonflavanoid_phenols": 2.58,
        "hue": 2.9,
        "ash": 3.74,
        "dilution": 0.75,
        "alcohol": 2.0,
        "proaline": 2.81,
        "magnesium": 19.5,
        "total_phenols": 107.0
    },
    "112": {
        "color_intensity": 1.22,
        "flavanoids": 2.55,
        "proathocyanins": 0.26,
        "alclinity_of_ash": 2.17,
        "malic_acid": 12.52,
        "nonflavanoid_phenols": 2.27,
        "hue": 2.0,
        "ash": 2.43,
        "dilution": 0.9,
        "alcohol": 2.0,
        "proaline": 2.78,
        "magnesium": 21.0,
        "total_phenols": 88.0
    },
    "113": {
        "color_intensity": 1.05,
        "flavanoids": 1.75,
        "proathocyanins": 0.6,
        "alclinity_of_ash": 2.92,
        "malic_acid": 11.76,
        "nonflavanoid_phenols": 2.03,
        "hue": 3.8,
        "ash": 2.68,
        "dilution": 1.23,
        "alcohol": 2.0,
        "proaline": 2.5,
        "magnesium": 20.0,
        "total_phenols": 103.0
    },
    "114": {
        "color_intensity": 1.44,
        "flavanoids": 2.48,
        "proathocyanins": 0.42,
        "alclinity_of_ash": 2.5,
        "malic_acid": 11.41,
        "nonflavanoid_phenols": 2.01,
        "hue": 3.08,
        "ash": 0.74,
        "dilution": 1.1,
        "alcohol": 2.0,
        "proaline": 2.31,
        "magnesium": 21.0,
        "total_phenols": 88.0
    },
    "115": {
        "color_intensity": 1.04,
        "flavanoids": 2.56,
        "proathocyanins": 0.43,
        "alclinity_of_ash": 2.5,
        "malic_acid": 12.08,
        "nonflavanoid_phenols": 2.29,
        "hue": 2.9,
        "ash": 1.39,
        "dilution": 0.93,
        "alcohol": 2.0,
        "proaline": 3.19,
        "magnesium": 22.5,
        "total_phenols": 84.0
    },
    "116": {
        "color_intensity": 2.01,
        "flavanoids": 2.46,
        "proathocyanins": 0.52,
        "alclinity_of_ash": 2.2,
        "malic_acid": 11.03,
        "nonflavanoid_phenols": 2.17,
        "hue": 1.9,
        "ash": 1.51,
        "dilution": 1.71,
        "alcohol": 2.0,
        "proaline": 2.87,
        "magnesium": 21.5,
        "total_phenols": 85.0
    },
    "117": {
        "color_intensity": 1.53,
        "flavanoids": 1.98,
        "proathocyanins": 0.3,
        "alclinity_of_ash": 1.99,
        "malic_acid": 11.82,
        "nonflavanoid_phenols": 1.6,
        "hue": 1.95,
        "ash": 1.47,
        "dilution": 0.95,
        "alcohol": 2.0,
        "proaline": 3.33,
        "magnesium": 20.8,
        "total_phenols": 86.0
    },
    "118": {
        "color_intensity": 1.61,
        "flavanoids": 2.0,
        "proathocyanins": 0.34,
        "alclinity_of_ash": 2.19,
        "malic_acid": 12.42,
        "nonflavanoid_phenols": 2.09,
        "hue": 2.06,
        "ash": 1.61,
        "dilution": 1.06,
        "alcohol": 2.0,
        "proaline": 2.96,
        "magnesium": 22.5,
        "total_phenols": 108.0
    },
    "119": {
        "color_intensity": 0.83,
        "flavanoids": 1.63,
        "proathocyanins": 0.43,
        "alclinity_of_ash": 1.98,
        "malic_acid": 12.77,
        "nonflavanoid_phenols": 1.25,
        "hue": 3.4,
        "ash": 3.43,
        "dilution": 0.7,
        "alcohol": 2.0,
        "proaline": 2.12,
        "magnesium": 16.0,
        "total_phenols": 80.0
    },
    "120": {
        "color_intensity": 1.87,
        "flavanoids": 2.0,
        "proathocyanins": 0.37,
        "alclinity_of_ash": 2.0,
        "malic_acid": 12.0,
        "nonflavanoid_phenols": 1.64,
        "hue": 1.28,
        "ash": 3.43,
        "dilution": 0.93,
        "alcohol": 2.0,
        "proaline": 3.05,
        "magnesium": 19.0,
        "total_phenols": 87.0
    },
    "121": {
        "color_intensity": 1.83,
        "flavanoids": 2.9,
        "proathocyanins": 0.32,
        "alclinity_of_ash": 2.42,
        "malic_acid": 11.45,
        "nonflavanoid_phenols": 2.79,
        "hue": 3.25,
        "ash": 2.4,
        "dilution": 0.8,
        "alcohol": 2.0,
        "proaline": 3.39,
        "magnesium": 20.0,
        "total_phenols": 96.0
    },
    "122": {
        "color_intensity": 1.87,
        "flavanoids": 3.18,
        "proathocyanins": 0.47,
        "alclinity_of_ash": 3.23,
        "malic_acid": 11.56,
        "nonflavanoid_phenols": 5.08,
        "hue": 6.0,
        "ash": 2.05,
        "dilution": 0.93,
        "alcohol": 2.0,
        "proaline": 3.69,
        "magnesium": 28.5,
        "total_phenols": 119.0
    },
    "123": {
        "color_intensity": 1.71,
        "flavanoids": 2.2,
        "proathocyanins": 0.43,
        "alclinity_of_ash": 2.73,
        "malic_acid": 12.42,
        "nonflavanoid_phenols": 2.13,
        "hue": 2.08,
        "ash": 4.43,
        "dilution": 0.92,
        "alcohol": 2.0,
        "proaline": 3.12,
        "magnesium": 26.5,
        "total_phenols": 102.0
    },
    "124": {
        "color_intensity": 2.01,
        "flavanoids": 2.62,
        "proathocyanins": 0.3,
        "alclinity_of_ash": 2.13,
        "malic_acid": 13.05,
        "nonflavanoid_phenols": 2.65,
        "hue": 2.6,
        "ash": 5.8,
        "dilution": 0.73,
        "alcohol": 2.0,
        "proaline": 3.1,
        "magnesium": 21.5,
        "total_phenols": 86.0
    },
    "125": {
        "color_intensity": 2.91,
        "flavanoids": 2.86,
        "proathocyanins": 0.21,
        "alclinity_of_ash": 2.39,
        "malic_acid": 11.87,
        "nonflavanoid_phenols": 3.03,
        "hue": 2.8,
        "ash": 4.31,
        "dilution": 0.75,
        "alcohol": 2.0,
        "proaline": 3.64,
        "magnesium": 21.0,
        "total_phenols": 82.0
    },
    "126": {
        "color_intensity": 1.35,
        "flavanoids": 2.6,
        "proathocyanins": 0.37,
        "alclinity_of_ash": 2.17,
        "malic_acid": 12.07,
        "nonflavanoid_phenols": 2.65,
        "hue": 2.76,
        "ash": 2.16,
        "dilution": 0.86,
        "alcohol": 2.0,
        "proaline": 3.28,
        "magnesium": 21.0,
        "total_phenols": 85.0
    },
    "127": {
        "color_intensity": 1.77,
        "flavanoids": 2.74,
        "proathocyanins": 0.39,
        "alclinity_of_ash": 2.29,
        "malic_acid": 12.43,
        "nonflavanoid_phenols": 3.15,
        "hue": 3.94,
        "ash": 1.53,
        "dilution": 0.69,
        "alcohol": 2.0,
        "proaline": 2.84,
        "magnesium": 21.5,
        "total_phenols": 86.0
    },
    "128": {
        "color_intensity": 1.76,
        "flavanoids": 2.13,
        "proathocyanins": 0.58,
        "alclinity_of_ash": 2.78,
        "malic_acid": 11.79,
        "nonflavanoid_phenols": 2.24,
        "hue": 3.0,
        "ash": 2.13,
        "dilution": 0.97,
        "alcohol": 2.0,
        "proaline": 2.44,
        "magnesium": 28.5,
        "total_phenols": 92.0
    },
    "129": {
        "color_intensity": 1.9,
        "flavanoids": 2.22,
        "proathocyanins": 0.4,
        "alclinity_of_ash": 2.3,
        "malic_acid": 12.37,
        "nonflavanoid_phenols": 2.45,
        "hue": 2.12,
        "ash": 1.63,
        "dilution": 0.89,
        "alcohol": 2.0,
        "proaline": 2.78,
        "magnesium": 24.5,
        "total_phenols": 88.0
    },
    "130": {
        "color_intensity": 1.35,
        "flavanoids": 2.1,
        "proathocyanins": 0.42,
        "alclinity_of_ash": 2.38,
        "malic_acid": 12.04,
        "nonflavanoid_phenols": 1.75,
        "hue": 2.6,
        "ash": 4.3,
        "dilution": 0.79,
        "alcohol": 2.0,
        "proaline": 2.57,
        "magnesium": 22.0,
        "total_phenols": 80.0
    },
    "131": {
        "color_intensity": 0.94,
        "flavanoids": 1.51,
        "proathocyanins": 0.21,
        "alclinity_of_ash": 2.32,
        "malic_acid": 12.86,
        "nonflavanoid_phenols": 1.25,
        "hue": 4.1,
        "ash": 1.35,
        "dilution": 0.76,
        "alcohol": 3.0,
        "proaline": 1.29,
        "magnesium": 18.0,
        "total_phenols": 122.0
    },
    "132": {
        "color_intensity": 0.83,
        "flavanoids": 1.3,
        "proathocyanins": 0.24,
        "alclinity_of_ash": 2.4,
        "malic_acid": 12.88,
        "nonflavanoid_phenols": 1.22,
        "hue": 5.4,
        "ash": 2.99,
        "dilution": 0.74,
        "alcohol": 3.0,
        "proaline": 1.42,
        "magnesium": 20.0,
        "total_phenols": 104.0
    },
    "133": {
        "color_intensity": 0.83,
        "flavanoids": 1.15,
        "proathocyanins": 0.27,
        "alclinity_of_ash": 2.4,
        "malic_acid": 12.81,
        "nonflavanoid_phenols": 1.09,
        "hue": 5.7,
        "ash": 2.31,
        "dilution": 0.66,
        "alcohol": 3.0,
        "proaline": 1.36,
        "magnesium": 24.0,
        "total_phenols": 98.0
    },
    "134": {
        "color_intensity": 0.84,
        "flavanoids": 1.7,
        "proathocyanins": 0.17,
        "alclinity_of_ash": 2.36,
        "malic_acid": 12.7,
        "nonflavanoid_phenols": 1.2,
        "hue": 5.0,
        "ash": 3.55,
        "dilution": 0.78,
        "alcohol": 3.0,
        "proaline": 1.29,
        "magnesium": 21.5,
        "total_phenols": 106.0
    },
    "135": {
        "color_intensity": 1.25,
        "flavanoids": 2.0,
        "proathocyanins": 0.6,
        "alclinity_of_ash": 2.25,
        "malic_acid": 12.51,
        "nonflavanoid_phenols": 0.58,
        "hue": 5.45,
        "ash": 1.24,
        "dilution": 0.75,
        "alcohol": 3.0,
        "proaline": 1.51,
        "magnesium": 17.5,
        "total_phenols": 85.0
    },
    "136": {
        "color_intensity": 0.94,
        "flavanoids": 1.62,
        "proathocyanins": 0.63,
        "alclinity_of_ash": 2.2,
        "malic_acid": 12.6,
        "nonflavanoid_phenols": 0.66,
        "hue": 7.1,
        "ash": 2.46,
        "dilution": 0.73,
        "alcohol": 3.0,
        "proaline": 1.58,
        "magnesium": 18.5,
        "total_phenols": 94.0
    },
    "137": {
        "color_intensity": 0.8,
        "flavanoids": 1.38,
        "proathocyanins": 0.53,
        "alclinity_of_ash": 2.54,
        "malic_acid": 12.25,
        "nonflavanoid_phenols": 0.47,
        "hue": 3.85,
        "ash": 4.72,
        "dilution": 0.75,
        "alcohol": 3.0,
        "proaline": 1.27,
        "magnesium": 21.0,
        "total_phenols": 89.0
    },
    "138": {
        "color_intensity": 1.1,
        "flavanoids": 1.79,
        "proathocyanins": 0.63,
        "alclinity_of_ash": 2.64,
        "malic_acid": 12.53,
        "nonflavanoid_phenols": 0.6,
        "hue": 5.0,
        "ash": 5.51,
        "dilution": 0.82,
        "alcohol": 3.0,
        "proaline": 1.69,
        "magnesium": 25.0,
        "total_phenols": 96.0
    },
    "139": {
        "color_intensity": 0.88,
        "flavanoids": 1.62,
        "proathocyanins": 0.58,
        "alclinity_of_ash": 2.19,
        "malic_acid": 13.49,
        "nonflavanoid_phenols": 0.48,
        "hue": 5.7,
        "ash": 3.59,
        "dilution": 0.81,
        "alcohol": 3.0,
        "proaline": 1.82,
        "magnesium": 19.5,
        "total_phenols": 88.0
    },
    "140": {
        "color_intensity": 0.81,
        "flavanoids": 2.32,
        "proathocyanins": 0.53,
        "alclinity_of_ash": 2.61,
        "malic_acid": 12.84,
        "nonflavanoid_phenols": 0.6,
        "hue": 4.92,
        "ash": 2.96,
        "dilution": 0.89,
        "alcohol": 3.0,
        "proaline": 2.15,
        "magnesium": 24.0,
        "total_phenols": 101.0
    },
    "141": {
        "color_intensity": 0.75,
        "flavanoids": 1.54,
        "proathocyanins": 0.53,
        "alclinity_of_ash": 2.7,
        "malic_acid": 12.93,
        "nonflavanoid_phenols": 0.5,
        "hue": 4.6,
        "ash": 2.81,
        "dilution": 0.77,
        "alcohol": 3.0,
        "proaline": 2.31,
        "magnesium": 21.0,
        "total_phenols": 96.0
    },
    "142": {
        "color_intensity": 0.64,
        "flavanoids": 1.4,
        "proathocyanins": 0.37,
        "alclinity_of_ash": 2.35,
        "malic_acid": 13.36,
        "nonflavanoid_phenols": 0.5,
        "hue": 5.6,
        "ash": 2.56,
        "dilution": 0.7,
        "alcohol": 3.0,
        "proaline": 2.47,
        "magnesium": 20.0,
        "total_phenols": 89.0
    },
    "143": {
        "color_intensity": 0.55,
        "flavanoids": 1.55,
        "proathocyanins": 0.5,
        "alclinity_of_ash": 2.72,
        "malic_acid": 13.52,
        "nonflavanoid_phenols": 0.52,
        "hue": 4.35,
        "ash": 3.17,
        "dilution": 0.89,
        "alcohol": 3.0,
        "proaline": 2.06,
        "magnesium": 23.5,
        "total_phenols": 97.0
    },
    "144": {
        "color_intensity": 1.02,
        "flavanoids": 2.0,
        "proathocyanins": 0.47,
        "alclinity_of_ash": 2.35,
        "malic_acid": 13.62,
        "nonflavanoid_phenols": 0.8,
        "hue": 4.4,
        "ash": 4.95,
        "dilution": 0.91,
        "alcohol": 3.0,
        "proaline": 2.05,
        "magnesium": 20.0,
        "total_phenols": 92.0
    },
    "145": {
        "color_intensity": 1.14,
        "flavanoids": 1.38,
        "proathocyanins": 0.29,
        "alclinity_of_ash": 2.2,
        "malic_acid": 12.25,
        "nonflavanoid_phenols": 0.78,
        "hue": 8.21,
        "ash": 3.88,
        "dilution": 0.65,
        "alcohol": 3.0,
        "proaline": 2.0,
        "magnesium": 18.5,
        "total_phenols": 112.0
    },
    "146": {
        "color_intensity": 1.3,
        "flavanoids": 1.5,
        "proathocyanins": 0.43,
        "alclinity_of_ash": 2.15,
        "malic_acid": 13.16,
        "nonflavanoid_phenols": 0.55,
        "hue": 4.0,
        "ash": 3.57,
        "dilution": 0.6,
        "alcohol": 3.0,
        "proaline": 1.68,
        "magnesium": 21.0,
        "total_phenols": 102.0
    },
    "147": {
        "color_intensity": 0.68,
        "flavanoids": 0.98,
        "proathocyanins": 0.4,
        "alclinity_of_ash": 2.23,
        "malic_acid": 13.88,
        "nonflavanoid_phenols": 0.34,
        "hue": 4.9,
        "ash": 5.04,
        "dilution": 0.58,
        "alcohol": 3.0,
        "proaline": 1.33,
        "magnesium": 20.0,
        "total_phenols": 80.0
    },
    "148": {
        "color_intensity": 0.86,
        "flavanoids": 1.7,
        "proathocyanins": 0.47,
        "alclinity_of_ash": 2.48,
        "malic_acid": 12.87,
        "nonflavanoid_phenols": 0.65,
        "hue": 7.65,
        "ash": 4.61,
        "dilution": 0.54,
        "alcohol": 3.0,
        "proaline": 1.86,
        "magnesium": 21.5,
        "total_phenols": 86.0
    },
    "149": {
        "color_intensity": 1.25,
        "flavanoids": 1.93,
        "proathocyanins": 0.45,
        "alclinity_of_ash": 2.38,
        "malic_acid": 13.32,
        "nonflavanoid_phenols": 0.76,
        "hue": 8.42,
        "ash": 3.24,
        "dilution": 0.55,
        "alcohol": 3.0,
        "proaline": 1.62,
        "magnesium": 21.5,
        "total_phenols": 92.0
    },
    "150": {
        "color_intensity": 1.14,
        "flavanoids": 1.41,
        "proathocyanins": 0.34,
        "alclinity_of_ash": 2.36,
        "malic_acid": 13.08,
        "nonflavanoid_phenols": 1.39,
        "hue": 9.4,
        "ash": 3.9,
        "dilution": 0.57,
        "alcohol": 3.0,
        "proaline": 1.33,
        "magnesium": 21.5,
        "total_phenols": 113.0
    },
    "151": {
        "color_intensity": 1.25,
        "flavanoids": 1.4,
        "proathocyanins": 0.22,
        "alclinity_of_ash": 2.62,
        "malic_acid": 13.5,
        "nonflavanoid_phenols": 1.57,
        "hue": 8.6,
        "ash": 3.12,
        "dilution": 0.59,
        "alcohol": 3.0,
        "proaline": 1.3,
        "magnesium": 24.0,
        "total_phenols": 123.0
    },
    "152": {
        "color_intensity": 1.26,
        "flavanoids": 1.48,
        "proathocyanins": 0.24,
        "alclinity_of_ash": 2.48,
        "malic_acid": 12.79,
        "nonflavanoid_phenols": 1.36,
        "hue": 10.8,
        "ash": 2.67,
        "dilution": 0.48,
        "alcohol": 3.0,
        "proaline": 1.47,
        "magnesium": 22.0,
        "total_phenols": 112.0
    },
    "153": {
        "color_intensity": 1.56,
        "flavanoids": 2.2,
        "proathocyanins": 0.26,
        "alclinity_of_ash": 2.75,
        "malic_acid": 13.11,
        "nonflavanoid_phenols": 1.28,
        "hue": 7.1,
        "ash": 1.9,
        "dilution": 0.61,
        "alcohol": 3.0,
        "proaline": 1.33,
        "magnesium": 25.5,
        "total_phenols": 116.0
    },
    "154": {
        "color_intensity": 1.87,
        "flavanoids": 1.8,
        "proathocyanins": 0.61,
        "alclinity_of_ash": 2.28,
        "malic_acid": 13.23,
        "nonflavanoid_phenols": 0.83,
        "hue": 10.52,
        "ash": 3.3,
        "dilution": 0.56,
        "alcohol": 3.0,
        "proaline": 1.51,
        "magnesium": 18.5,
        "total_phenols": 98.0
    },
    "155": {
        "color_intensity": 1.4,
        "flavanoids": 1.48,
        "proathocyanins": 0.53,
        "alclinity_of_ash": 2.1,
        "malic_acid": 12.58,
        "nonflavanoid_phenols": 0.58,
        "hue": 7.6,
        "ash": 1.29,
        "dilution": 0.58,
        "alcohol": 3.0,
        "proaline": 1.55,
        "magnesium": 20.0,
        "total_phenols": 103.0
    },
    "156": {
        "color_intensity": 1.55,
        "flavanoids": 1.74,
        "proathocyanins": 0.61,
        "alclinity_of_ash": 2.32,
        "malic_acid": 13.17,
        "nonflavanoid_phenols": 0.63,
        "hue": 7.9,
        "ash": 5.19,
        "dilution": 0.6,
        "alcohol": 3.0,
        "proaline": 1.48,
        "magnesium": 22.0,
        "total_phenols": 93.0
    },
    "157": {
        "color_intensity": 1.56,
        "flavanoids": 1.8,
        "proathocyanins": 0.48,
        "alclinity_of_ash": 2.38,
        "malic_acid": 13.84,
        "nonflavanoid_phenols": 0.83,
        "hue": 9.01,
        "ash": 4.12,
        "dilution": 0.57,
        "alcohol": 3.0,
        "proaline": 1.64,
        "magnesium": 19.5,
        "total_phenols": 89.0
    },
    "158": {
        "color_intensity": 1.14,
        "flavanoids": 1.9,
        "proathocyanins": 0.63,
        "alclinity_of_ash": 2.64,
        "malic_acid": 12.45,
        "nonflavanoid_phenols": 0.58,
        "hue": 7.5,
        "ash": 3.03,
        "dilution": 0.67,
        "alcohol": 3.0,
        "proaline": 1.73,
        "magnesium": 27.0,
        "total_phenols": 97.0
    },
    "159": {
        "color_intensity": 2.7,
        "flavanoids": 2.8,
        "proathocyanins": 0.53,
        "alclinity_of_ash": 2.7,
        "malic_acid": 14.34,
        "nonflavanoid_phenols": 1.31,
        "hue": 13.0,
        "ash": 1.68,
        "dilution": 0.57,
        "alcohol": 3.0,
        "proaline": 1.96,
        "magnesium": 25.0,
        "total_phenols": 98.0
    },
    "160": {
        "color_intensity": 2.29,
        "flavanoids": 2.6,
        "proathocyanins": 0.52,
        "alclinity_of_ash": 2.64,
        "malic_acid": 13.48,
        "nonflavanoid_phenols": 1.1,
        "hue": 11.75,
        "ash": 1.67,
        "dilution": 0.57,
        "alcohol": 3.0,
        "proaline": 1.78,
        "magnesium": 22.5,
        "total_phenols": 89.0
    },
    "161": {
        "color_intensity": 1.04,
        "flavanoids": 2.3,
        "proathocyanins": 0.5,
        "alclinity_of_ash": 2.38,
        "malic_acid": 12.36,
        "nonflavanoid_phenols": 0.92,
        "hue": 7.65,
        "ash": 3.83,
        "dilution": 0.56,
        "alcohol": 3.0,
        "proaline": 1.58,
        "magnesium": 21.0,
        "total_phenols": 88.0
    },
    "162": {
        "color_intensity": 0.8,
        "flavanoids": 1.83,
        "proathocyanins": 0.5,
        "alclinity_of_ash": 2.54,
        "malic_acid": 13.69,
        "nonflavanoid_phenols": 0.56,
        "hue": 5.88,
        "ash": 3.26,
        "dilution": 0.96,
        "alcohol": 3.0,
        "proaline": 1.82,
        "magnesium": 20.0,
        "total_phenols": 107.0
    },
    "163": {
        "color_intensity": 0.96,
        "flavanoids": 1.65,
        "proathocyanins": 0.6,
        "alclinity_of_ash": 2.58,
        "malic_acid": 12.85,
        "nonflavanoid_phenols": 0.6,
        "hue": 5.58,
        "ash": 3.27,
        "dilution": 0.87,
        "alcohol": 3.0,
        "proaline": 2.11,
        "magnesium": 22.0,
        "total_phenols": 106.0
    },
    "164": {
        "color_intensity": 0.94,
        "flavanoids": 1.39,
        "proathocyanins": 0.4,
        "alclinity_of_ash": 2.35,
        "malic_acid": 12.96,
        "nonflavanoid_phenols": 0.7,
        "hue": 5.28,
        "ash": 3.45,
        "dilution": 0.68,
        "alcohol": 3.0,
        "proaline": 1.75,
        "magnesium": 18.5,
        "total_phenols": 106.0
    },
    "165": {
        "color_intensity": 1.03,
        "flavanoids": 1.35,
        "proathocyanins": 0.41,
        "alclinity_of_ash": 2.3,
        "malic_acid": 13.78,
        "nonflavanoid_phenols": 0.68,
        "hue": 9.58,
        "ash": 2.76,
        "dilution": 0.7,
        "alcohol": 3.0,
        "proaline": 1.68,
        "magnesium": 22.0,
        "total_phenols": 90.0
    },
    "166": {
        "color_intensity": 1.15,
        "flavanoids": 1.28,
        "proathocyanins": 0.52,
        "alclinity_of_ash": 2.26,
        "malic_acid": 13.73,
        "nonflavanoid_phenols": 0.47,
        "hue": 6.62,
        "ash": 4.36,
        "dilution": 0.78,
        "alcohol": 3.0,
        "proaline": 1.75,
        "magnesium": 22.5,
        "total_phenols": 88.0
    },
    "167": {
        "color_intensity": 1.46,
        "flavanoids": 1.7,
        "proathocyanins": 0.43,
        "alclinity_of_ash": 2.6,
        "malic_acid": 13.45,
        "nonflavanoid_phenols": 0.92,
        "hue": 10.68,
        "ash": 3.7,
        "dilution": 0.85,
        "alcohol": 3.0,
        "proaline": 1.56,
        "magnesium": 23.0,
        "total_phenols": 111.0
    },
    "168": {
        "color_intensity": 0.97,
        "flavanoids": 1.48,
        "proathocyanins": 0.4,
        "alclinity_of_ash": 2.3,
        "malic_acid": 12.82,
        "nonflavanoid_phenols": 0.66,
        "hue": 10.26,
        "ash": 3.37,
        "dilution": 0.72,
        "alcohol": 3.0,
        "proaline": 1.75,
        "magnesium": 19.5,
        "total_phenols": 88.0
    },
    "169": {
        "color_intensity": 1.54,
        "flavanoids": 1.55,
        "proathocyanins": 0.39,
        "alclinity_of_ash": 2.69,
        "malic_acid": 13.58,
        "nonflavanoid_phenols": 0.84,
        "hue": 8.66,
        "ash": 2.58,
        "dilution": 0.74,
        "alcohol": 3.0,
        "proaline": 1.8,
        "magnesium": 24.5,
        "total_phenols": 105.0
    },
    "170": {
        "color_intensity": 1.11,
        "flavanoids": 1.98,
        "proathocyanins": 0.27,
        "alclinity_of_ash": 2.86,
        "malic_acid": 13.4,
        "nonflavanoid_phenols": 0.96,
        "hue": 8.5,
        "ash": 4.6,
        "dilution": 0.67,
        "alcohol": 3.0,
        "proaline": 1.92,
        "magnesium": 25.0,
        "total_phenols": 112.0
    },
    "171": {
        "color_intensity": 0.73,
        "flavanoids": 1.25,
        "proathocyanins": 0.4,
        "alclinity_of_ash": 2.32,
        "malic_acid": 12.2,
        "nonflavanoid_phenols": 0.49,
        "hue": 5.5,
        "ash": 3.03,
        "dilution": 0.66,
        "alcohol": 3.0,
        "proaline": 1.83,
        "magnesium": 19.0,
        "total_phenols": 96.0
    },
    "172": {
        "color_intensity": 0.64,
        "flavanoids": 1.39,
        "proathocyanins": 0.48,
        "alclinity_of_ash": 2.28,
        "malic_acid": 12.77,
        "nonflavanoid_phenols": 0.51,
        "hue": 9.899999,
        "ash": 2.39,
        "dilution": 0.57,
        "alcohol": 3.0,
        "proaline": 1.63,
        "magnesium": 19.5,
        "total_phenols": 86.0
    },
    "173": {
        "color_intensity": 1.24,
        "flavanoids": 1.68,
        "proathocyanins": 0.44,
        "alclinity_of_ash": 2.48,
        "malic_acid": 14.16,
        "nonflavanoid_phenols": 0.7,
        "hue": 9.7,
        "ash": 2.51,
        "dilution": 0.62,
        "alcohol": 3.0,
        "proaline": 1.71,
        "magnesium": 20.0,
        "total_phenols": 91.0
    },
    "174": {
        "color_intensity": 1.06,
        "flavanoids": 1.68,
        "proathocyanins": 0.52,
        "alclinity_of_ash": 2.45,
        "malic_acid": 13.71,
        "nonflavanoid_phenols": 0.61,
        "hue": 7.7,
        "ash": 5.65,
        "dilution": 0.64,
        "alcohol": 3.0,
        "proaline": 1.74,
        "magnesium": 20.5,
        "total_phenols": 95.0
    },
    "175": {
        "color_intensity": 1.41,
        "flavanoids": 1.8,
        "proathocyanins": 0.43,
        "alclinity_of_ash": 2.48,
        "malic_acid": 13.4,
        "nonflavanoid_phenols": 0.75,
        "hue": 7.3,
        "ash": 3.91,
        "dilution": 0.7,
        "alcohol": 3.0,
        "proaline": 1.56,
        "magnesium": 23.0,
        "total_phenols": 102.0
    },
    "176": {
        "color_intensity": 1.35,
        "flavanoids": 1.59,
        "proathocyanins": 0.43,
        "alclinity_of_ash": 2.26,
        "malic_acid": 13.27,
        "nonflavanoid_phenols": 0.69,
        "hue": 10.2,
        "ash": 4.28,
        "dilution": 0.59,
        "alcohol": 3.0,
        "proaline": 1.56,
        "magnesium": 20.0,
        "total_phenols": 120.0
    },
    "177": {
        "color_intensity": 1.46,
        "flavanoids": 1.65,
        "proathocyanins": 0.53,
        "alclinity_of_ash": 2.37,
        "malic_acid": 13.17,
        "nonflavanoid_phenols": 0.68,
        "hue": 9.3,
        "ash": 2.59,
        "dilution": 0.6,
        "alcohol": 3.0,
        "proaline": 1.62,
        "magnesium": 20.0,
        "total_phenols": 120.0
    },
    "178": {
        "color_intensity": 1.35,
        "flavanoids": 2.05,
        "proathocyanins": 0.56,
        "alclinity_of_ash": 2.74,
        "malic_acid": 14.13,
        "nonflavanoid_phenols": 0.76,
        "hue": 9.2,
        "ash": 4.1,
        "dilution": 0.61,
        "alcohol": 3.0,
        "proaline": 1.6,
        "magnesium": 24.5,
        "total_phenols": 96.0
    }
}